time,open,high,low,close,Volume,Volume MA
1701761700,41517.84,41529.1,41460,41460.01,239.79541,167.4409164999983
1701762000,41460,41515.56,41414,41436.26,865.38999,206.74871049999828
1701762300,41436.27,41560,41424.77,41532.48,251.17222,215.6245939999983
1701762600,41532.49,41548.59,41494.11,41525.51,178.69598,221.7786669999983
1701762900,41525.51,41548.91,41500.3,41528,187.50032,225.83909799999833
1701763200,41528,41585.9,41504.82,41578.03,208.11278,230.64853949999832
1701763500,41578.04,41634.7,41578.03,41620.16,161.22084,232.53177999999835
1701763800,41620.16,41624,41588.01,41622.29,89.48678,231.29889549999834
1701764100,41622.28,41630.26,41581.79,41592.79,89.35996,225.63305449999834
1701764400,41592.78,41600.25,41566.01,41589.8,101.22535,220.62746599999832
1701764700,41589.79,41592.05,41527.55,41527.55,86.42225,218.47607599999827
1701765000,41527.55,41527.56,41464.86,41466.4,140.18448,220.21721149999826
1701765300,41466.41,41519.6,41458,41458,133.31769,223.75098049999824
1701765600,41458.01,41489.97,41449.96,41465.67,108.4588,219.37031449999827
1701765900,41465.67,41521.52,41420,41498.82,169.59712,214.6283454999983
1701766200,41498.82,41561.39,41493.58,41522.75,103.41675,210.96261349999833
1701766500,41522.76,41619.92,41522.75,41614.13,194.09164,214.14664599999833
1701766800,41614.12,41619.97,41602.64,41612.88,66.60674,187.70057349999834
1701767100,41612.87,41653.43,41589.8,41643.71,136.61622,185.24630349999833
1701767400,41643.7,41660,41635.18,41660,101.3117,180.59915099999836
1701767700,41659.99,41675.1,41659.99,41670.23,155.71836,176.39529849999832
1701768000,41670.24,41690.76,41652.32,41652.33,97.41082,137.99633999999833
1701768300,41652.32,41681.1,41652.32,41664.53,76.48129,129.26179349999833
1701768600,41664.54,41694.04,41664.53,41694.04,84.13788,124.53388849999833
1701768900,41694.04,41710.69,41690,41690.01,116.04343,120.96104399999834
1701769200,41690.01,41690.01,41664.03,41664.05,120.1987,116.56533999999833
1701769500,41664.05,41721.1,41664.04,41699.62,75.82046,112.29532099999832
1701769800,41699.62,41710.28,41691.1,41710.28,53.49021,110.49549249999832
1701770100,41710.27,41728,41705.52,41705.54,50.33594,108.54429149999832
1701770400,41705.55,41712.75,41692.4,41712.73,98.70638,108.41834299999832
1701770700,41712.74,41742.4,41704.67,41742.4,87.70896,108.48267849999831
1701771000,41742.39,41742.4,41722.87,41722.87,38.97338,103.42212349999832
1701771300,41722.87,41742.27,41706.99,41742.27,68.71119,100.19179849999831
1701771600,41742.26,41758.77,41736.37,41751.66,87.13425,99.1255709999983
1701771900,41751.66,41751.67,41727.75,41728.47,56.27362,93.4593959999983
1701772200,41728.46,41737.8,41693.35,41698.73,72.19019,91.8980679999983
1701772500,41698.73,41698.73,41658,41674.8,93.45084,86.8660279999983
1701772800,41674.81,41683.06,41660,41664.31,174.62477,92.26692949999831
1701773100,41664.31,41710.07,41634.01,41638.56,127.98491,91.83536399999831
1701773400,41638.57,41710,41638.56,41707,93.78979,91.45926849999832
1701773700,41706.99,41707,41617.88,41617.89,73.81057,87.36387899999832
1701774000,41617.88,41634.68,41565.13,41634.68,218.54875,93.42077549999831
1701774300,41634.68,41678.7,41634.67,41668.01,242.27847,101.7106344999983
1701774600,41668.01,41688.8,41633.27,41688.8,106.53217,102.83034899999832
1701774900,41688.8,41741.73,41688.79,41716.7,202.35741,107.14604799999832
1701775200,41716.7,41739.21,41686.89,41686.9,96.38256,105.95524099999832
1701775500,41686.9,41700,41674,41685.76,51.50377,104.73940649999831
1701775800,41685.75,41708,41633.24,41647.22,74.86997,105.80839449999833
1701776100,41647.22,41660.92,41616.42,41616.42,82.10571,107.39688299999833
1701776400,41616.43,41649,41611.1,41639.01,81.04222,106.5136749999983
1701776700,41639.02,41673.45,41622.63,41659.69,103.54437,107.30544549999831
1701777000,41659.69,41697.45,41631.1,41691.68,95.89455,110.15150399999831
1701777300,41691.68,41735.31,41691.68,41726.09,134.74424,113.45315649999831
1701777600,41726.09,41731.92,41694,41731.91,110.52915,114.6229014999983
1701777900,41731.91,41770.93,41728.94,41770.93,128.16034,118.2172374999983
1701778200,41770.92,41800,41741.52,41799.99,146.09023,121.91223949999831
1701778500,41799.99,41844,41799.99,41817.67,219.17799,128.1985969999983
1701778800,41817.67,41824.32,41772.28,41780,130.27364,125.98104049999831
1701779100,41780.01,41810.79,41757.69,41810.79,96.28973,124.39628149999831
1701779400,41810.79,41829.99,41787.21,41817.13,132.14111,126.31384749999832
1701779700,41817.14,41864.11,41817.13,41821.1,121.95313,128.7209754999983
1701780000,41821.1,41821.11,41788.01,41804.43,116.74534,123.6308049999983
1701780300,41804.42,41820.32,41775.73,41820.32,103.72272,116.70301749999831
1701780600,41820.32,41874.23,41818.88,41858.93,166.83023,119.71792049999831
1701780900,41858.94,41870,41841.74,41868.8,106.69743,114.93492149999831
1701781200,41868.8,41912.52,41868.79,41886.58,174.4699,118.83928849999832
1701781500,41886.59,41949,41856.91,41935.6,234.15381,127.97179049999832
1701781800,41935.61,42026,41935.6,41993.02,391.36113,143.7963484999983
1701782100,41993.03,42081.66,41919.13,41919.14,342.88126,156.8351259999983
1701782400,41919.14,41940.39,41852.01,41881.1,246.09372,165.0877009999983
1701782700,41881.1,41907.99,41823.52,41865.92,224.95449,171.1582069999983
1701783000,41865.92,41936.97,41832.31,41920.01,138.96814,173.3118864999983
1701783300,41920.01,41941.1,41880,41890.54,164.41414,174.7953814999983
1701783600,41890.54,41960,41890.54,41943.9,180.166,178.2772239999983
1701783900,41943.9,41957,41867.89,41875.05,160.32568,179.88549099999832
1701784200,41875.06,41875.06,41820.02,41838.23,144.5685,179.80940449999832
1701784500,41838.22,41849.35,41814,41824.72,105.80884,174.14094699999833
1701784800,41824.73,41864.18,41814.24,41862.08,125.08867,173.88169849999832
1701785100,41862.09,41913.99,41825,41913.98,164.37699,177.28606149999834
1701785400,41913.98,41925.93,41845.23,41865.37,82.48195,174.80310349999834
1701785700,41865.37,41941.58,41856.56,41929.85,113.66486,174.38868999999835
1701786000,41929.84,42000,41909.13,41997.76,195.25696,178.31427099999834
1701786300,41997.75,42163.89,41984.75,42114.35,439.14847,195.08555849999834
1701786600,42114.34,42152.2,42016.01,42142,430.93349,208.29072149999834
1701786900,42142.02,42210,42106.1,42134.92,564.3838,231.17503999999832
1701787200,42134.91,42157.5,42062.12,42149.18,205.28211,232.7156504999983
1701787500,42149.19,42183.72,42120.44,42152.43,269.9677,234.50634499999833
1701787800,42152.43,42158.7,42089.77,42150.36,355.85528,232.7310524999983
1701788100,42150.36,42250,42150.36,42194,348.07673,232.9908259999983
1701788400,42194.01,42300,42154.78,42246.27,440.87634,242.72995699999828
1701788700,42246.27,42246.27,42092,42103.97,333.82123,248.17329399999826
1701789000,42103.96,42175.7,42103.02,42147.58,150.88216,248.76899499999826
1701789300,42147.59,42177.27,42118.01,42175.1,125.58144,246.82735999999827
1701789600,42175.09,42290,42175.05,42266.02,201.16258,247.87718899999828
1701789900,42266.02,42266.02,42165.72,42201.61,178.86601,248.80420549999826
1701790200,42201.6,42268,42188.12,42265.8,202.67414,251.70948749999826
1701790500,42265.79,42417.99,42265.79,42375.99,568.42443,274.8402669999983
1701790800,42375.99,42417.24,42337.76,42399.98,350.34738,286.10320249999825
1701791100,42399.99,42497,42218.99,42321.34,718.52549,313.8106274999983
1701791400,42321.33,42341.1,42250,42270.01,279.41043,323.65705149999826
1701791700,42270.01,42333.75,42260.51,42268.29,171.71384,326.5595004999983
1701792000,42268.28,42298.66,42150.61,42152.01,277.34494,330.6638994999983
1701792300,42152.01,42303.6,42133.66,42287.96,267.51687,322.08231949999833
1701792600,42287.95,42346.1,42262.21,42304.01,154.913,308.2812949999983
1701792900,42304,42394.22,42189.31,42204.57,217.77509,290.95085949999833
1701793200,42204.57,42375.58,42168.21,42374.8,232.11464,292.29248599999835
1701793500,42374.79,42429.47,42340.3,42413.82,204.60887,289.02454449999834
1701793800,42413.83,42464,42365.66,42432.45,218.2582,282.1446904999983
1701794100,42432.44,42441.76,42354.31,42411.11,265.72631,278.02716949999837
1701794400,42411.11,42800,42404.73,42704.51,1625.74194,337.27044949999834
1701794700,42704.52,42750,42552.26,42737.43,538.41567,347.5001714999984
1701795000,42737.44,42742.61,42616.55,42628.34,413.94414,360.65327049999837
1701795300,42628.34,42750,42615.76,42715.17,263.99293,367.5738449999984
1701795600,42715.17,42953.38,42682.61,42894.52,892.33187,402.13230949999837
1701795900,42894.51,42994.92,42772.34,42863.37,751.81013,430.7795154999984
1701796200,42863.37,43355,42863.37,43172,1777.16738,509.5041774999985
1701796500,43172,43310.16,42900.46,42958.64,1081.62804,535.1643579999985
1701796800,42958.64,43327.34,42891.62,43239.94,642.31799,549.7628884999986
1701797100,43239.93,43990,43239.93,43734.78,2229.03695,625.2884614999986
1701797400,43734.78,43834.96,43375,43626,1247.06665,673.6712724999986
1701797700,43626.01,43626.01,43441.1,43480.58,759.162,703.0436804999986
1701798000,43480.59,43490,43207.51,43306,725.47451,725.4501589999985
1701798300,43306,43475.99,43306,43374.42,466.07986,735.3783084999985
1701798600,43374.43,43600,43346,43474.01,873.83599,771.3244579999985
1701798900,43474.01,43474.01,43321.59,43377.87,359.63768,778.4175874999985
1701799200,43377.87,43565.25,43316,43454.01,466.15114,790.1194124999986
1701799500,43454.01,43502.52,43372,43502.51,282.0468,793.9913089999985
1701799800,43502.51,43653.18,43458.43,43653.18,566.77897,811.4173474999985
1701800100,43653.17,43700,43528.41,43621.08,507.83201,823.5226324999985
1701800400,43621.08,43700,43564.43,43663.99,328.57977,758.6645239999986
1701800700,43663.99,43681.94,43523.42,43616.09,298.7165,746.6795654999985
1701801000,43616.09,43748.33,43522.61,43741.99,299.79081,740.9718989999985
1701801300,43741.99,43930,43720.57,43877.99,512.60809,753.4026569999985
1701801600,43877.99,44100,43834.43,43885.08,976.36093,757.6041099999986
1701801900,43885.08,43954.98,43655.84,43738.04,715.04859,755.7660329999986
1701802200,43738.04,43798.43,43631.1,43798.43,309.85881,682.4006044999985
1701802500,43798.42,43844,43693.07,43712,312.78206,643.9583054999986
1701802800,43712,43777.43,43587.5,43751.89,415.04299,632.5945554999986
1701803100,43751.88,43780,43652.01,43767.12,292.43254,535.7643349999986
1701803400,43767.13,43862,43741.25,43799.93,337.56842,490.2894234999985
1701803700,43799.94,43828,43676.57,43794.25,258.84784,465.2737154999985
1701804000,43794.26,43878.26,43745.93,43844.48,229.77128,440.48855399999854
1701804300,43844.48,43950,43844.47,43939.78,372.3269,435.8009059999986
1701804600,43939.78,43939.78,43744.77,43893.42,337.50187,408.9841999999986
1701804900,43893.43,43907.31,43750.82,43750.82,214.15467,401.7100494999986
1701805200,43750.82,43756.91,43660,43684.95,421.61781,399.4833829999986
1701805500,43684.95,43725.92,43591.43,43718.42,252.83939,398.0230124999986
1701805800,43718.41,43789,43692.19,43722.43,176.9758,378.53285399999857
1701806100,43722.42,43814.37,43646.01,43814.36,238.96776,365.08964149999855
1701806400,43814.37,43845.45,43726,43726.62,196.97222,358.50926399999855
1701806700,43726.63,43776,43621.11,43776,186.7289,352.9098839999985
1701807000,43776,43800,43671.11,43691.34,151.77224,345.5089554999985
1701807300,43691.33,43711.33,43581.1,43597.35,179.2628,328.84169099999855
1701807600,43597.35,43600.01,43395.99,43555.65,740.33232,317.04026049999857
1701807900,43555.64,43562.2,43423.07,43500.09,304.24719,296.50019049999855
1701808200,43500.09,43642.85,43500.09,43576.94,213.14715,291.66460749999857
1701808500,43576.95,43630.76,43576.94,43628.9,189.9741,285.52420949999856
1701808800,43628.91,43707.96,43585.44,43686,171.78392,273.36125599999855
1701809100,43686.01,43750,43672.21,43722.81,198.84609,268.68193349999854
1701809400,43722.8,43775.99,43711.63,43747.93,170.34692,260.32085849999856
1701809700,43747.93,43785.7,43704,43779.78,126.56977,253.70695499999857
1701810000,43779.77,43788.46,43673.25,43769.94,236.46744,254.04176299999858
1701810300,43769.94,43800,43716.43,43795.43,155.79983,243.21540949999857
1701810600,43795.43,43800,43757.79,43782.2,192.92955,235.98679349999856
1701810900,43782.2,43797.99,43702.84,43797.98,207.91863,235.67499149999858
1701811200,43797.99,43825,43763.5,43825,179.82967,223.5855844999986
1701811500,43824.99,43825,43786.55,43800.01,113.67799,216.6275144999986
1701811800,43800,43880,43740.44,43862.2,138.31124,214.69428649999858
1701812100,43862.2,43873.99,43824.13,43873.34,123.58741,208.92526899999856
1701812400,43873.33,43930.21,43820.16,43911.07,191.30283,208.64179949999857
1701812700,43911.07,44228,43911.06,44025.57,1090.26875,253.81879199999858
1701813000,44025.57,44133.88,44022.2,44072.5,349.2024,263.69029999999856
1701813300,44072.5,44094.89,43872.23,43891.1,282.03213,268.82876649999855
1701813600,43891.1,43942,43792.42,43871.09,333.54993,248.48964699999857
1701813900,43871.09,44050,43851.58,44033.63,270.38379,246.79647699999856
1701814200,44033.63,44181.82,44020,44171.43,314.84826,251.88153249999854
1701814500,44171.43,44400,44116.21,44305.18,630.9036,273.9280074999985
1701814800,44305.19,44432.42,44150,44329.13,557.83081,293.23035199999856
1701815100,44329.12,44488,44216.01,44403.98,571.11202,311.84364849999855
1701815400,44403.99,44432,44250,44286.99,345.60404,320.60650449999855
1701815700,44286.99,44419.6,44240,44288.92,232.58267,325.9071494999986
1701816000,44288.91,44291.99,44148.47,44201.11,212.12511,324.69003299999855
1701816300,44200.79,44345.41,44137.88,44302.36,211.54179,327.47713099999856
1701816600,44302.36,44373,44261.8,44324.01,171.65356,326.41333149999855
1701816900,44324.02,44324.02,44229.1,44285.4,159.49142,323.99197099999856
1701817200,44285.41,44289.95,44210,44233.7,201.60589,325.0807819999985
1701817500,44233.7,44233.7,44074.83,44119.24,425.39918,340.66684149999855
1701817800,44119.25,44119.25,43920.76,43927.8,561.02795,361.80267699999854
1701818100,43927.79,44095.31,43850,44000.01,443.44908,377.79576049999855
1701818400,44000,44058,43899.9,44057.99,330.83685,384.77246149999854
1701818700,44057.99,44087.77,44000,44042.93,144.89312,337.50367999999855
1701819000,44042.94,44042.94,43901.15,43949.42,240.06786,332.04695299999855
1701819300,43949.42,44008,43949.41,44007.99,205.13144,328.20191849999856
1701819600,44008,44159.13,44007.99,44135.52,228.31083,322.93996349999856
1701819900,44135.51,44171.14,44074.26,44114.21,201.87962,319.51475499999856
1701820200,44114.21,44159.87,44044.73,44100.2,174.87517,312.5161004999986
1701820500,44100.19,44134.59,44051.4,44073.32,162.68323,289.10508199999856
1701820800,44073.82,44104,44016,44095.14,237.71518,273.09930049999855
1701821100,44095.13,44098.14,43984,44079.96,214.761,255.28174949999857
1701821400,44079.97,44095,43975,43987.98,241.05705,250.05439999999857
1701821700,43987.97,44036.22,43950,43950,342.00273,255.5254029999986
1701822000,43950,44084.49,43919.98,44084.48,190.85881,254.46208799999857
1701822300,44084.49,44097.74,43936.66,43942.79,247.71445,256.2707209999986
1701822600,43942.8,43946.65,43860,43860.57,229.96119,259.1861024999986
1701822900,43860.57,43968,43830.45,43968,380.52703,270.2378829999986
1701823200,43967.99,44000,43949.88,43988.01,207.92812,270.55399449999857
1701823500,43988.02,44027.59,43934.32,44026.73,168.86544,257.7273074999986
1701823800,44026.74,44085.61,44010,44085.6,124.34782,235.89330099999856
1701824100,44085.61,44146.08,44076.96,44139,164.57743,221.94971849999857
1701824400,44139,44145.37,44025.57,44065.22,200.9733,215.45654099999857
1701824700,44065.23,44138.03,44020,44047.66,158.30828,216.12729899999857
1701825000,44047.65,44121.02,44016.25,44109.55,108.2831,209.53806099999855
1701825300,44109.54,44109.55,44010,44073.08,111.03881,204.83342949999854
1701825600,44073.09,44073.1,43955.45,44007.11,224.28461,204.63211849999857
1701825900,44007.11,44013.15,43958.36,43958.37,116.7735,200.37681249999855
1701826200,43958.36,44029.34,43941.1,43995.6,176.98929,200.48251849999855
1701826500,43995.59,44033.91,43913.03,43932.32,213.03951,203.00033249999856
1701826800,43932.31,43932.32,43821.54,43859.6,318.66621,207.04788399999856
1701827100,43859.61,43897.21,43778.27,43781.23,248.14714,208.71719099999854
1701827400,43781.23,43837.33,43753.12,43829.41,212.88149,207.30841299999855
1701827700,43829.41,43877.5,43829.32,43871.37,120.19163,196.21785799999856
1701828000,43871.36,43892.95,43821.58,43870.28,156.96675,194.52325499999853
1701828300,43870.27,43908.74,43861.1,43890.47,80.48359,186.16171199999854
1701828600,43890.46,43890.47,43796,43799.16,133.61857,181.34458099999853
1701828900,43799.15,43841.49,43775,43793.35,192.30286,171.93337249999854
1701829200,43793.35,43801.1,43693.91,43699.04,172.47438,170.16068549999855
1701829500,43699.04,43741.53,43695.4,43697.38,154.17599,169.42621299999854
1701829800,43697.37,43727,43600,43605.76,231.96308,174.80697599999854
1701830100,43605.77,43774.54,43565.62,43770.46,231.02279,178.12924399999855
1701830400,43770.47,43808,43744.18,43807.58,178.11989,176.98657349999854
1701830700,43807.57,43848.02,43792.2,43840.01,99.1243,174.02737449999853
1701831000,43840.01,43870,43824.91,43860.27,83.95607,172.81102299999856
1701831300,43860.27,43909.67,43850,43903.9,107.80766,172.64946549999854
1701831600,43903.91,43915.52,43861.09,43908.01,118.12808,167.34163899999854
1701831900,43908.01,43908.01,43843.98,43871.09,151.30482,169.06820499999853
1701832200,43871.1,43904.06,43842.94,43850.21,146.62094,167.54978749999853
1701832500,43850.22,43860.58,43766.17,43789.91,122.23913,163.00976849999853
1701832800,43789.9,43875.99,43789.9,43855.88,216.14647,157.88378149999852
1701833100,43855.89,43855.89,43751.97,43778.56,186.78426,154.81563749999853
1701833400,43778.56,43778.56,43706.6,43708.65,123.41559,150.34234249999852
1701833700,43708.65,43741.1,43660.22,43741.1,122.19213,150.4423674999985
1701834000,43741.09,43756,43676.56,43695.74,121.82863,148.68546149999852
1701834300,43695.75,43770,43686.14,43765.68,76.42466,148.48251499999853
1701834600,43765.69,43768.42,43720.22,43733.18,89.28177,146.26567499999854
1701834900,43733.18,43737.73,43708.84,43736.06,87.8066,141.04086199999853
1701835200,43736.06,43848.13,43732.55,43840.01,92.73731,137.0540084999985
1701835500,43840.01,43857.13,43805.58,43811.27,164.68043,137.5792304999985
1701835800,43811.28,43853.99,43811.27,43829.89,59.28165,128.94515899999848
1701836100,43829.9,43836,43792,43804.35,70.80038,120.9340384999985
1701836400,43804.36,43810.97,43699.56,43705.23,93.10894,116.6834909999985
1701836700,43705.23,43764.38,43699.56,43764.37,117.13454,117.5840029999985
1701837000,43764.38,43764.38,43719.65,43726.47,82.27245,117.49982199999849
1701837300,43726.46,43726.47,43672,43674.14,153.77262,119.7980699999985
1701837600,43674.15,43676.06,43610,43620,210.72526,124.42792899999851
1701837900,43619.99,43688.45,43594,43687.4,154.14268,124.56982199999852
1701838200,43687.41,43749.36,43687.4,43743.51,84.71707,121.47462849999854
1701838500,43743.52,43743.52,43715.09,43727.6,70.94659,118.91000149999854
1701838800,43727.61,43781.1,43727.6,43762.14,116.17635,113.91149549999855
1701839100,43762.14,43842.62,43728.94,43796.06,178.88617,113.51659099999856
1701839400,43796.06,43800,43741.1,43754.25,73.55988,111.02380549999855
1701839700,43754.24,43831.1,43738.2,43740.27,150.75819,112.45210849999856
1701840000,43740.28,43740.28,43661.36,43680.01,145.25371,113.62336249999855
1701840300,43680,43754,43662.52,43723.24,104.76308,115.04028349999855
1701840600,43723.25,43733.44,43635.14,43686.12,152.78991,118.21569049999854
1701840900,43686.11,43686.12,43570,43604.94,297.53502,128.70211149999855
1701841200,43604.94,43685.93,43593.85,43593.85,116.42664,129.88657799999856
1701841500,43593.85,43627.96,43545.03,43627.96,231.19617,133.21236499999856
1701841800,43627.96,43681.29,43598.73,43601.97,140.51164,137.27386449999858
1701842100,43601.97,43680.23,43579.27,43676.33,132.48697,140.35819399999858
1701842400,43676.33,43681,43581.96,43581.97,139.12757,142.65912549999857
1701842700,43581.96,43581.97,43510.79,43525.68,278.32851,150.71882399999856
1701843000,43525.69,43620.08,43516.48,43583.99,137.96825,153.50361399999855
1701843300,43584,43596.87,43505,43505,190.06406,155.31818599999855
1701843600,43505,43529.99,43444,43465.51,372.3829,163.40106799999856
1701843900,43465.5,43559,43465.5,43558.99,114.2809,161.40797899999856
1701844200,43558.99,43640.35,43556,43637.84,117.54788,163.04951949999855
1701844500,43637.84,43699.97,43607.18,43679.63,163.01641,167.65301049999857
1701844800,43679.64,43710,43659.77,43695.81,130.23604,168.3559949999986
1701845100,43695.81,43732.5,43695.8,43722.6,109.17227,164.8702999999986
1701845400,43722.59,43722.6,43574.23,43648.01,249.92051,173.68833149999858
1701845700,43648.01,43723.8,43634,43671.04,91.78987,170.7399154999986
1701846000,43671.04,43724.63,43626.11,43724.62,132.62439,170.10844949999858
1701846300,43724.63,43724.63,43678.8,43684.26,134.84893,171.6127419999986
1701846600,43684.26,43684.43,43535,43565.27,146.95511,171.3210019999986
1701846900,43565.28,43579.73,43525.29,43548.51,145.46602,163.7175519999986
1701847200,43548.52,43630,43544.36,43586,119.88828,163.89063399999858
1701847500,43585.99,43614.37,43546.86,43601.1,127.29501,158.69557599999857
1701847800,43601.09,43623.98,43500.26,43507.04,149.24483,159.13223549999856
1701848100,43507.04,43641.57,43500,43638.37,150.35064,160.02541899999858
1701848400,43638.37,43646.03,43550.52,43642,131.5821,159.64814549999858
1701848700,43641.99,43691.06,43620,43677.98,130.3739,152.25041499999858
1701849000,43677.97,43718,43641.5,43641.5,117.50855,151.2274299999986
1701849300,43641.5,43698.75,43633.16,43688.87,132.44958,148.3467059999986
1701849600,43688.87,43752,43671.11,43694.94,177.56607,138.60586449999857
1701849900,43694.95,43800.61,43640,43800.6,181.9581,141.98972449999854
1701850200,43800.61,43819.91,43775.88,43814.1,153.91743,143.80820199999854
1701850500,43814.09,43850,43792.89,43814.8,127.52594,142.03367849999853
1701850800,43814.8,43819.85,43774.43,43811.13,120.16257,141.53000499999854
1701851100,43811.13,43850.62,43791.03,43805.33,175.54082,144.84843249999855
1701851400,43805.34,43840,43772.54,43834.02,134.40116,139.07246499999854
1701851700,43834.03,43850.05,43719.35,43743.26,237.4112,146.35353149999855
1701852000,43743.26,43800,43718,43798.7,128.91146,146.16788499999853
1701852300,43798.7,43803.53,43750,43780.01,109.34299,144.89258799999854
1701852600,43780.01,43834.46,43771.1,43834.46,102.34258,142.66196149999854
1701852900,43834.45,43874,43825.83,43825.84,196.10099,145.19370999999856
1701853200,43825.83,43851.38,43762.64,43772,176.68129,148.03336049999854
1701853500,43772,43798.07,43689.34,43694.43,169.66156,150.15168799999856
1701853800,43694.42,43747.24,43684.34,43713.33,102.30982,147.80493749999854
1701854100,43713.34,43805.45,43713.33,43802.42,140.01107,147.28795899999855
1701854400,43802.42,43805.45,43702.55,43731.41,155.21033,148.46937049999855
1701854700,43731.41,43785.99,43731.4,43785.99,86.6077,146.28106049999855
1701855000,43785.98,43829.87,43734.05,43829.87,82.39903,144.52558449999853
1701855300,43829.87,43835.85,43790.84,43790.85,104.10175,143.10819299999852
1701855600,43790.84,43866.98,43782.62,43850.45,108.99996,139.67988749999853
1701855900,43850.45,43869.65,43801.82,43865.26,84.02859,134.78341199999855
1701856200,43865.25,44018.73,43862.31,43969.31,364.18017,145.29654899999855
1701856500,43969.31,43969.83,43830.71,43874.38,171.36469,147.48848649999854
1701856800,43874.38,43981.46,43864.31,43972.31,117.13383,147.33704949999856
1701857100,43972.31,44100,43945.68,44057.2,424.81923,159.80096999999856
1701857400,44057.21,44089.99,43964.54,44050,389.44778,172.55330099999856
1701857700,44050,44100,43958,44100,269.80493,174.17298749999856
1701858000,44099.99,44170.53,44093.58,44108.97,366.70613,186.06272099999856
1701858300,44108.97,44297.21,44105.97,44246.01,401.47858,200.66950049999855
1701858600,44246,44278.9,44174.26,44243.71,392.14952,215.15984749999856
1701858900,44243.7,44249.99,44168,44198.19,221.1246,216.41102799999857
1701859200,44198.18,44263.95,44186.77,44220,279.13423,221.5336749999986
1701859500,44220,44220,44044.44,44051.88,271.48467,226.62483049999855
1701859800,44051.87,44053.74,43950.46,44010.19,396.21942,241.32031049999856
1701860100,44010.18,44118.85,44001.78,44111.25,239.38001,246.28875749999855
1701860400,44111.25,44132.83,44025,44111.02,229.27213,249.99184749999858
1701860700,44111.02,44119.54,43911.1,43976,308.77231,261.10007799999863
1701861000,43976,43990.19,43758.53,43772.5,529.22756,283.44150449999864
1701861300,43772.5,43825,43560,43560.87,638.63123,310.16797849999864
1701861600,43560.87,43761.99,43550,43621.89,527.44043,331.09000199999866
1701861900,43621.9,43749,43603.02,43698.58,227.54266,338.26570549999866
1701862200,43698.58,43715.89,43450,43501.1,593.51383,349.73238849999865
1701862500,43501.1,43637.76,43335.28,43601.52,666.97303,374.51280549999865
1701862800,43601.52,43675,43594.01,43641.07,330.39304,385.17576599999865
1701863100,43641.07,43705,43592,43703.38,223.9775,375.13367949999866
1701863400,43703.38,43758,43679.99,43757.99,200.65153,365.69386699999865
1701863700,43758,43845.11,43731.1,43839.21,179.23264,361.16525249999864
1701864000,43839.22,43875,43780,43875,251.33491,355.3966914999986
1701864300,43875,44050,43874.99,43990.01,461.99308,358.42241649999863
1701864600,43990.01,44074.02,43931.1,44006.04,360.37088,356.8334844999987
1701864900,44006.03,44070,43950.49,43972,285.54747,360.0546279999987
1701865200,43972.01,43972.01,43857.68,43961.65,267.85272,359.49055249999867
1701865500,43961.65,43999,43901.1,43919.51,133.53687,352.5931624999987
1701865800,43919.52,44054,43902,43987.98,212.34474,343.3994284999987
1701866100,43987.98,44021.6,43951.11,43991.11,219.84894,342.4228749999987
1701866400,43991.12,44150,43991.11,44149.99,482.05688,355.0621124999987
1701866700,44150,44208,44071.48,44131.99,356.78075,357.4625344999987
1701867000,44132,44200,44084.15,44084.15,243.87359,343.19483599999865
1701867300,44084.16,44099.83,44011.1,44031.02,212.65993,321.89627099999865
1701867600,44031.03,44117.96,44021.1,44117.96,165.09081,303.77878999999865
1701867900,44117.95,44167.94,44051.1,44051.11,160.4395,300.4236319999987
1701868200,44051.1,44062.27,43981,44024.71,201.13474,280.8046774999987
1701868500,44024.72,44051.11,43985.69,44002.49,165.30438,255.72124499999867
1701868800,44002.5,44023.04,43974.11,44020,139.29147,246.1661664999987
1701869100,44019.99,44100,44013.97,44020.22,142.51226,242.09290449999872
1701869400,44020.22,44144.74,44011.11,44090.03,275.4911,245.8348829999987
1701869700,44090.02,44118.6,44024.28,44073.9,145.7273,244.15961599999872
1701870000,44073.89,44077.91,44020.83,44052.49,157.9228,239.48901049999876
1701870300,44052.49,44106,44024.09,44028.3,122.07062,222.49288749999877
1701870600,44028.31,44110,44017.11,44089.39,145.62477,211.75558199999878
1701870900,44089.4,44150,44078.91,44095.06,150.15295,204.9858559999988
1701871200,44095.05,44150.69,44066.97,44066.97,132.9292,198.2396799999988
1701871500,44066.98,44111.1,44031.1,44111.1,139.34951,198.5303119999988
1701871800,44111.09,44133.46,44065.73,44113.29,144.0424,195.11519499999878
1701872100,44113.3,44238.04,44111,44157.01,280.99146,198.17232099999882
1701872400,44157,44219.79,44120,44181.15,175.67954,182.8534539999988
1701872700,44181.15,44279.98,44163.97,44221.19,234.44602,176.7367174999988
1701873000,44221.18,44275.52,44077.31,44259.98,384.76386,183.7812309999988
1701873300,44259.98,44259.99,43950,43995.53,440.07778,195.15212349999882
1701873600,43995.53,44260,43952,44220.5,374.77389,205.6362774999988
1701873900,44220.51,44229.67,44031.1,44089.51,293.95215,212.31190999999882
1701874200,44089.5,44166,44046.51,44048,213.397,212.92502299999882
1701874500,44048.01,44098.03,44038.13,44050.02,154.77372,212.39848999999882
1701874800,44050.01,44077.92,43974.18,44018.77,250.61399,217.96461599999878
1701875100,44018.78,44054.13,43959,44045.25,234.71879,222.57494249999877
1701875400,44045.24,44091.5,44045.24,44071,164.6643,217.03360249999878
1701875700,44071.01,44098.03,43911.12,43952.48,297.25927,224.61020099999877
1701876000,43952.48,44009.18,43939.23,43951.09,126.93093,223.06060749999878
1701876300,43951.1,43971.1,43858.28,43925.84,237.2353,228.81884149999877
1701876600,43925.84,43982,43865.64,43873.97,191.18908,231.09705699999876
1701876900,43873.97,43926,43804,43846.01,284.83336,237.83107749999877
1701877200,43846.01,43968,43835.2,43836.02,285.25699,245.44746699999877
1701877500,43836.01,43919.51,43783.38,43812,276.34835,252.2974089999988
1701877800,43812.01,43829.94,43721.73,43781.11,269.95545,258.5930614999988
1701878100,43781.11,43838.16,43748,43785.2,193.9668,254.2418284999988
1701878400,43785.2,43855.47,43730.47,43855.46,271.80065,259.0478839999988
1701878700,43855.47,43864,43733.8,43748.78,202.30611,257.4408884999988
1701879000,43748.77,43849.86,43735.53,43759.4,146.7491,245.5401504999988
1701879300,43759.4,43884.81,43755.28,43884.81,163.18328,231.69542549999883
1701879600,43884.8,43950.22,43877.96,43950.22,748.65169,250.3893154999988
1701879900,43950.22,44016.86,43940,44005.77,276.90284,249.53684999999876
1701880200,44005.77,44040,43960.67,43960.68,343.83278,256.0586389999988
1701880500,43960.67,44039,43960.18,44030.97,139.12406,255.27615599999876
1701880800,44030.97,44030.98,43931.1,43995.86,102.31462,247.86118749999878
1701881100,43995.86,44005.52,43824.86,43833.12,181.18756,245.1846259999988
1701881400,43833.12,43895.43,43800,43844.05,173.53445,245.6281334999988
1701881700,43844.06,43875.9,43793.54,43853.24,134.09389,237.46986449999878
1701882000,43853.25,43920.6,43823.96,43877.88,170.14226,239.63043099999874
1701882300,43877.88,43944.6,43866.68,43944.6,131.93034,234.3651829999987
1701882600,43944.59,44110.48,43939.05,44085.08,274.0836,238.5099089999987
1701882900,44085.07,44098.79,44036.84,44068.46,138.35199,231.18584049999873
1701883200,44068.47,44088,44027.42,44049.71,151.29916,224.4879489999987
1701883500,44049.71,44060,44003.06,44012.62,119.73292,216.6571774999987
1701883800,44012.62,44146.71,44002.97,44094.71,174.86241,211.90252549999872
1701884100,44094.7,44094.71,44029.07,44083.99,101.90528,207.29944949999873
1701884400,44084,44121.13,44064.56,44112.57,93.73123,198.3959784999987
1701884700,44112.58,44125.99,44054,44091.1,146.40988,195.60116699999872
1701885000,44091.1,44110.15,43985,43993.96,167.68844,196.64813399999872
1701885300,43993.97,43993.97,43890.6,43961.12,177.8629,197.3821149999987
1701885600,43961.13,43980.93,43882.35,43898,127.11631,166.30534599999868
1701885900,43898,43931.34,43883,43897.91,91.36486,157.0284469999987
1701886200,43897.91,43919.98,43886.68,43888.2,83.96643,144.03512949999867
1701886500,43888.2,43954.24,43863.4,43950,99.16494,142.0371734999987
1701886800,43950,43950,43890.01,43926.2,59.53799,139.89834199999865
1701887100,43926.2,43926.2,43881.1,43918.06,110.09683,136.34380549999867
1701887400,43918.06,43966.82,43886.72,43938.12,92.60852,132.29750899999868
1701887700,43938.11,44000,43922,43996.42,95.65028,130.37532849999866
1701888000,43996.43,43999.99,43951.88,43970.49,175.2164,130.62903549999865
1701888300,43970.49,43987.82,43932.99,43971.94,74.23455,127.74424599999865
1701888600,43971.95,43981.99,43922.82,43953.32,62.9759,117.18886099999865
1701888900,43953.33,43953.33,43888.15,43934.28,97.08364,115.12544349999864
1701889200,43934.28,43954,43908.28,43917.12,84.96569,111.80876999999865
1701889500,43917.11,43954,43917.11,43954,67.65017,109.20463249999864
1701889800,43953.99,43980.1,43921.31,43976.34,139.94276,107.45864999999864
1701890100,43976.34,43999.87,43941.24,43973.45,79.67601,106.34718649999866
1701890400,43973.45,43973.46,43927.62,43963.03,73.58896,105.34007299999864
1701890700,43963.02,43974.39,43931.1,43974.39,69.36482,101.48781999999865
1701891000,43974.38,44000,43974.38,43992.73,178.00064,102.00342999999864
1701891300,43992.72,44008.56,43956.52,44008.56,89.69766,97.59516799999865
1701891600,44008.55,44117.87,44008.55,44082.2,154.27228,98.95296649999865
1701891900,44082.19,44120,44034.66,44111.09,122.6436,100.51690349999866
1701892200,44111.1,44111.1,43936.67,43969.31,119.98072,102.31761799999866
1701892500,43969.31,44003.35,43946.7,43984.71,87.25319,101.72203049999867
1701892800,43984.71,44050,43984.67,44049.42,114.96995,104.49362849999866
1701893100,44049.43,44066.67,44020.05,44056.85,152.36681,106.60712749999865
1701893400,44056.84,44064.19,44001.83,44064.18,115.17758,107.73558049999865
1701893700,44064.18,44069.72,44013,44067.5,80.76478,106.99130549999866
1701894000,44067.5,44071,43971.45,43987.84,88.3363,102.64730049999866
1701894300,43987.83,44017.02,43966.82,43973.67,70.30056,102.45060099999867
1701894600,43973.67,44004.59,43953.41,44004.59,101.42836,104.37322399999866
1701894900,44004.58,44055.99,43983.07,44038.49,99.99616,104.51884999999865
1701895200,44038.49,44060,43957.69,43969.62,140.48021,107.29457599999867
1701895500,43969.62,43969.63,43892.61,43925.27,202.59491,114.04181299999865
1701895800,43925.27,43925.28,43832.36,43846.41,169.37443,115.51339649999866
1701896100,43846.41,43885.7,43751,43755.79,321.70617,127.61490449999864
1701896400,43755.78,43818.11,43744.09,43772.59,203.73633,134.12227299999864
1701896700,43772.59,43879.57,43772.59,43801.1,203.95786,140.85192499999866
1701897000,43801.1,43853.03,43790.73,43807.06,166.9861,140.30119799999866
1701897300,43807.06,43841.1,43771.01,43841.1,118.90568,141.76159899999865
1701897600,43841.1,43855.6,43794,43796.02,86.93373,138.39467149999865
1701897900,43796.03,43832.45,43770.07,43818.16,104.57192,137.49108749999866
1701898200,43818.16,43832.45,43672.19,43678.15,272.56509,145.12030599999866
1701898500,43678.14,43730.37,43609.93,43723.63,259.73658,153.74447549999869
1701898800,43723.63,43758.15,43707.03,43731.09,142.64418,155.12818699999866
1701899100,43731.09,43828.21,43730.02,43797.49,122.45142,153.63241749999867
1701899400,43797.49,43797.78,43750,43796.25,77.11107,151.72909199999864
1701899700,43796.24,43827.36,43789.38,43824.19,87.19856,152.05078099999864
1701900000,43824.2,43881.42,43815.71,43867.72,110.93788,153.18085999999863
1701900300,43867.72,43920.58,43867.71,43907.79,100.53944,154.69280399999863
1701900600,43907.8,43930.48,43901.1,43915.82,65.04904,152.87383799999864
1701900900,43915.82,43942.54,43915.82,43940.58,48.31064,150.28956199999863
1701901200,43940.58,43940.58,43894.61,43901.03,73.34873,146.93298799999863
1701901500,43901.03,43912.58,43891.1,43910.83,72.24406,140.41544549999864
1701901800,43910.82,43942.05,43910.82,43912.97,43.2111,134.10727899999864
1701902100,43912.97,43959.34,43860.88,43860.89,91.63318,122.60362949999865
1701902400,43860.89,43860.89,43803,43803.01,61.40212,115.48691899999865
1701902700,43803.01,43832.1,43784.04,43800.02,59.52581,108.26531649999865
1701903000,43800.02,43800.02,43623.07,43664,169.81652,108.40683749999864
1701903300,43663.99,43793.55,43663.99,43766.84,97.08503,107.31580499999866
1701903600,43766.85,43766.85,43691.1,43705.27,207.33119,113.33567799999864
1701903900,43705.26,43705.27,43623.51,43667.18,213.68186,118.79117499999866
1701904200,43667.18,43668.1,43600.78,43666.92,159.64096,113.14496849999867
1701904500,43666.93,43730.79,43659.01,43679.99,119.50552,106.13341549999866
1701904800,43679.98,43754.43,43679.98,43726,68.00447,102.40142999999867
1701905100,43726.01,43741.64,43715.64,43718.13,33.46197,97.95195749999866
1701905400,43718.13,43767.26,43714.53,43759.83,51.73322,96.68306499999866
1701905700,43759.84,43759.84,43714.65,43758.95,75.88749,96.11751149999867
1701906000,43758.95,43786.5,43714.53,43785.39,103.23846,95.73254049999868
1701906300,43785.39,43812.19,43762.8,43796.02,59.5134,93.68123849999867
1701906600,43796.02,43800,43714.54,43718.86,93.22353,95.08996299999868
1701906900,43718.85,43776,43709.74,43762.69,73.22099,96.33548049999868
1701907200,43762.69,43782.89,43715.33,43730.26,125.62251,98.94916949999867
1701907500,43730.27,43793.73,43730.26,43758.54,87.8401,99.72897149999866
1701907800,43758.54,43761.77,43710,43743.59,81.29579,101.63320599999867
1701908100,43743.59,43789.88,43743.55,43784.52,63.92491,100.24779249999867
1701908400,43784.52,43829.78,43784.51,43829.78,54.165,99.88593649999866
1701908700,43829.77,43846.29,43806.61,43843.21,69.108,100.36504599999866
1701909000,43843.21,43858,43843.2,43854.75,50.26018,94.38722899999865
1701909300,43854.75,43884.64,43845.01,43846,59.17114,92.49153449999865
1701909600,43846,43884.79,43846,43884.79,47.73465,84.51170749999866
1701909900,43884.78,43892.98,43855.54,43859.98,62.57998,76.95661349999867
1701910200,43859.98,43901,43859.98,43872.2,58.70739,71.90993499999867
1701910500,43872.2,43886.93,43809.74,43822.23,80.16689,69.94300349999867
1701910800,43822.22,43873.59,43822.22,43873.59,31.08862,68.09721099999867
1701911100,43873.58,43909.09,43857.17,43899.78,83.982,70.62321249999866
1701911400,43899.78,43922.04,43898,43921.55,48.10868,70.44198549999865
1701911700,43921.54,43921.56,43880.01,43904.98,59.43717,69.61946949999864
1701912000,43904.98,43917.58,43882.21,43911.59,63.7765,67.64637149999865
1701912300,43911.59,43917.57,43900.44,43903.97,57.06852,67.52412749999864
1701912600,43903.97,43927.77,43884.02,43915.08,70.99158,66.41252999999865
1701912900,43915.08,43915.08,43833.18,43902.08,88.6199,67.18247549999865
1701913200,43902.09,43907.98,43892.07,43892.08,36.77657,62.74017849999865
1701913500,43892.07,43923.66,43850,43882.01,111.33095,63.91472099999864
1701913800,43882.01,43905,43882,43905,45.75219,62.13754099999865
1701914100,43904.99,43943.54,43904.99,43926.98,103.04423,64.09350699999865
1701914400,43926.98,43940.21,43909.26,43935,65.75618,64.67306599999866
1701914700,43935,43944.87,43925.67,43935.68,48.73284,63.65430799999865
1701915000,43935.67,43935.68,43921.96,43927.43,50.44277,63.66343749999866
1701915300,43927.43,43943.11,43910.69,43943.1,38.17894,62.61382749999866
1701915600,43943.11,43943.11,43926.49,43939.63,27.56992,61.605590999998654
1701915900,43939.63,43943.14,43932.97,43943.13,30.42119,59.99765149999865
1701916200,43943.14,43971.07,43941.02,43971.07,41.37905,59.131234499998655
1701916500,43971.06,43994.79,43956.9,43969.68,57.12207,57.97899349999865
1701916800,43969.67,43969.68,43928.64,43965.77,64.66661,59.65789299999865
1701917100,43965.77,43969.68,43909.59,43935,44.10008,57.663796999998645
1701917400,43934.99,43949.61,43926.98,43926.98,50.78748,57.79773699999864
1701917700,43926.98,43971,43926.94,43970.99,79.75685,58.813720999998644
1701918000,43970.99,43980,43959.95,43960.18,84.68667,59.85922949999865
1701918300,43960.19,43971.48,43948.23,43948.23,43.1919,59.16539849999865
1701918600,43948.23,43948.24,43929.64,43935.86,53.5217,58.29190449999866
1701918900,43935.87,43962.77,43935.86,43959.93,33.41836,55.531827499998656
1701919200,43959.93,43999.84,43959.93,43982.01,67.66055,57.07602649999866
1701919500,43982.01,43982.01,43933.85,43933.86,56.44322,54.33163999999865
1701919800,43933.86,43949.99,43923.96,43944.28,37.02051,53.89505599999866
1701920100,43944.27,43955.03,43943.86,43955.03,41.68036,50.826862499998654
1701920400,43955.02,43965,43943.87,43943.87,32.10917,49.144511999998656
1701920700,43943.88,43958.52,43931.44,43931.44,35.83012,48.499375999998655
1701921000,43931.44,43931.49,43915.12,43926.85,77.73122,49.86379849999865
1701921300,43926.84,43928.16,43926.84,43926.84,42.53544,50.081623499998656
1701921600,43926.85,43926.85,43881.76,43898.85,77.43413,52.57483399999866
1701921900,43898.85,43925,43898.84,43924.99,64.42775,54.27516199999866
1701922200,43924.99,43950,43924.99,43946.5,59.98853,55.20563599999866
1701922500,43946.51,43954.99,43946.33,43946.34,46.5008,54.67457249999867
1701922800,43946.33,43963.97,43941.31,43963.97,47.0648,53.79448199999867
1701923100,43963.97,44033.37,43963.96,44019.6,207.1833,61.948642999998675
1701923400,44019.61,44021.31,43989.09,44011.1,107.71979,64.79525849999868
1701923700,44011.1,44045.96,43995.95,44040.59,116.27611,66.62122149999868
1701924000,44040.59,44040.6,44008.48,44008.49,162.91182,70.53247899999869
1701924300,44008.5,44008.5,43947.68,43985.8,125.03094,74.62443099999868
1701924600,43985.81,44005.99,43964.37,43964.83,69.77531,75.43711149999868
1701924900,43964.84,43974.58,43964.81,43964.81,65.07118,77.01975249999869
1701925200,43964.82,43964.82,43875.11,43963.53,197.02841,83.48814549999868
1701925500,43963.53,44032,43963.52,44029.98,81.28897,84.73043299999867
1701925800,44029.98,44029.99,43994.88,43994.89,60.02345,85.88057999999867
1701926100,43994.72,44006,43973.61,43995.26,49.02797,86.24796049999867
1701926400,43995.26,44039.98,43995.25,44022.08,67.65958,88.02548099999868
1701926700,44022.08,44047.33,44011.72,44042.72,71.86176,89.82706299999867
1701927000,44042.73,44044.46,44024.03,44036.13,67.71958,89.32648099999867
1701927300,44036.12,44036.13,44025.82,44035.89,49.4488,89.67214899999865
1701927600,44035.88,44035.89,43985.02,43990.01,75.68616,89.58475049999865
1701927900,43990.01,43993.8,43978.62,43981.19,41.92447,88.45958649999865
1701928200,43981.2,43986.42,43972.39,43986.42,76.99942,89.31013099999865
1701928500,43986.42,44007.25,43971.11,44007.25,98.32445,91.90131349999865
1701928800,44007.24,44030.01,43984.31,43990.6,85.6543,93.83078849999865
1701929100,43990.61,43990.61,43972.79,43972.8,43.83153,85.66319999999864
1701929400,43972.8,43972.8,43946.9,43956,73.05359,83.92988999999864
1701929700,43956,43983.2,43948.32,43952.34,90.99357,82.66576299999863
1701930000,43952.34,43952.35,43932,43950.08,104.6113,79.75073699999864
1701930300,43950.08,43955.2,43925.08,43955.19,122.61383,79.62988149999863
1701930600,43955.19,43955.2,43906.16,43906.17,86.96343,80.48928749999864
1701930900,43906.16,43940,43896.2,43939.99,56.63077,80.06726699999864
1701931200,43939.99,43945.24,43920.98,43930.35,49.13896,72.67279449999863
1701931500,43930.35,43930.35,43862,43862,108.48748,74.03271999999863
1701931800,43862.01,43882.48,43838.19,43877.86,92.21181,75.64213799999864
1701932100,43877.87,43900,43869.65,43869.66,73.32551,76.85701499999863
1701932400,43869.65,43897.11,43866.54,43897.11,73.68042,77.15805699999862
1701932700,43897.1,43916.57,43897.1,43910.3,66.97734,76.91383599999861
1701933000,43910.3,43936.62,43910.29,43936.62,84.60151,77.75793249999862
1701933300,43936.61,43945,43911.1,43911.1,84.41338,79.50616149999863
1701933600,43911.1,43935.19,43902.72,43934.44,88.91209,80.16745799999862
1701933900,43934.45,43942.45,43934.44,43942.42,55.07172,80.82482049999862
1701934200,43942.42,43942.43,43904.63,43904.63,88.81017,81.41535799999862
1701934500,43904.64,43904.64,43876.08,43890.74,104.67205,81.7327379999986
1701934800,43890.73,43944.76,43882.75,43942.95,143.43522,84.62178399999861
1701935100,43942.95,43942.95,43906,43917.99,98.89226,87.37482049999862
1701935400,43917.98,43917.99,43898.88,43906.71,62.66532,86.85540699999862
1701935700,43906.7,43906.71,43884,43884.01,60.80124,85.34579049999863
1701936000,43884.01,43896.48,43550,43842.57,839.29884,122.08016749999862
1701936300,43842.57,43887.68,43806.58,43831.53,256.16695,128.75782349999864
1701936600,43831.54,43852.87,43737.35,43743.99,339.74038,141.39667099999866
1701936900,43743.98,43799.96,43713.22,43737.82,264.36417,151.78334099999864
1701937200,43737.82,43749.51,43651.93,43674.02,299.16372,164.28457899999864
1701937500,43674.01,43741.1,43656.21,43664.71,234.65996,170.59320299999862
1701937800,43664.7,43697.05,43632.16,43682.85,319.55086,181.96015549999862
1701938100,43682.86,43741.56,43650,43699.99,249.61783,190.77477149999862
1701938400,43699.99,43734.5,43686.27,43719.54,171.96722,195.68911149999863
1701938700,43719.54,43748.67,43681.34,43681.34,139.38447,199.30946799999862
1701939000,43681.35,43690.19,43612.59,43624.53,270.84405,208.62159499999862
1701939300,43624.54,43634.82,43536.59,43585.6,388.85424,223.8436379999986
1701939600,43585.61,43633.99,43478.3,43537.8,491.30546,243.9633064999986
1701939900,43537.8,43543.51,43457.4,43495.96,279.56813,255.1881269999986
1701940200,43495.97,43508.29,43396,43422.09,426.11124,272.0531804999986
1701940500,43422.09,43422.09,43033.98,43245.28,1217.10423,327.6747894999986
1701940800,43245.28,43339.49,43114,43165.99,336.75541,337.3407989999986
1701941100,43165.98,43210.99,42821.1,43059.62,1277.95326,396.2938489999986
1701941400,43059.62,43163.98,42972.83,43155.48,537.40049,420.0306074999986
1701941700,43155.47,43220.94,43122.71,43183.57,306.97171,432.33913099999853
1701942000,43183.57,43369,43183.57,43350.03,410.95393,410.92188549999855
1701942300,43350.02,43554.14,43326.68,43490.3,538.12863,425.0199694999986
1701942600,43490.29,43544.35,43413.88,43468.01,383.22247,427.1940739999985
1701942900,43468.01,43474.63,43336.62,43351.07,188.98283,423.4250069999986
1701943200,43351.07,43428,43277.99,43295.94,191.53819,418.0437304999985
1701943500,43295.94,43322.32,43110.01,43306.64,402.87401,426.4544329999985
1701943800,43306.64,43309.8,43157.65,43157.66,186.15025,419.7844024999986
1701944100,43157.66,43249.7,43113.58,43130.35,220.02265,418.3046434999986
1701944400,43130.35,43222.31,43061.1,43153.17,370.00144,428.20635449999855
1701944700,43153.17,43255.26,43153.16,43189.62,168.7587,429.67506599999854
1701945000,43189.62,43307.68,43171.1,43277.13,198.92301,426.07901399999855
1701945300,43277.14,43292.03,43183.07,43202,166.03376,414.93798999999854
1701945600,43202.01,43280.39,43191.1,43230.04,92.76238,395.01083599999856
1701945900,43230.03,43247.16,43184.6,43234.76,138.64998,387.96492849999856
1701946200,43234.75,43234.76,43122.94,43126.17,156.12261,374.4654969999986
1701946500,43126.17,43164.17,43122.57,43134.24,163.53939,321.7872549999986
1701946800,43134.23,43284.15,43111.1,43223.65,339.61668,321.93031849999863
1701947100,43223.64,43227.47,43122.01,43146.77,153.2694,265.69612549999863
1701947400,43146.77,43230.06,43146.77,43226.22,94.71847,243.56202449999859
1701947700,43226.21,43328.66,43226.21,43280.41,187.02375,237.5646264999986
1701948000,43280.42,43378.02,43277.52,43378.01,122.58016,223.14593799999867
1701948300,43378.02,43379.99,43351.35,43355.71,95.20885,200.99994899999865
1701948600,43355.7,43355.71,43286,43286.01,102.50599,186.96412499999866
1701948900,43286,43286.01,43191.1,43191.1,156.08543,185.31925499999866
1701949200,43191.1,43222.86,43182.36,43192.79,93.69594,180.42714249999864
1701949500,43192.8,43211.1,43153.61,43170.84,75.45945,164.05641449999865
1701949800,43170.84,43237.79,43170.84,43219.37,89.62536,159.23016999999862
1701950100,43219.37,43233.13,43156.02,43188.03,102.54643,153.35635899999863
1701950400,43188.03,43188.04,43010.05,43059.92,346.53336,152.18295499999863
1701950700,43059.93,43107.29,43033.9,43061.11,194.54136,153.47208799999865
1701951000,43061.11,43131.1,43000.33,43062.88,439.27645,165.48975999999863
1701951300,43062.87,43109.99,42990.11,43023.86,261.19919,170.24803149999863
1701951600,43023.85,43053.49,42955,42994.9,263.06987,178.7634059999986
1701951900,42994.89,43174.45,42971.1,43174.45,231.8757,183.42469199999863
1701952200,43174.44,43245.44,43168.36,43201.11,208.51194,186.04415849999862
1701952500,43201.1,43233.55,43135.37,43233.54,202.7597,188.00517399999862
1701952800,43233.55,43260.3,43217.9,43258.61,145.37426,178.29305299999862
1701953100,43258.61,43299.03,43230,43299.02,131.886,177.2238829999986
1701953400,43299.03,43310,43274.61,43310,130.25295,179.00060699999864
1701953700,43310,43409.77,43262.2,43408,212.87867,180.29335299999863
1701954000,43408,43507,43354,43413.25,336.93635,191.01116249999865
1701954300,43413.25,43451,43339.74,43357.14,174.13173,194.95730649999865
1701954600,43357.15,43376.63,43306.14,43310.58,123.80532,196.02227299999862
1701954900,43310.58,43335.39,43281.3,43324.84,202.13317,198.32465999999863
1701955200,43324.84,43366.06,43249.58,43255.28,135.9472,200.43722299999862
1701955500,43255.29,43289.41,43249.21,43285.59,94.34266,201.38138349999863
1701955800,43285.6,43306.04,43255.84,43269.99,123.3736,203.06879549999863
1701956100,43269.98,43331.86,43263.63,43315.48,83.98617,202.14078249999864
1701956400,43315.47,43315.48,43221.32,43231.77,166.81701,193.15496499999864
1701956700,43231.76,43287.8,43207.5,43221.07,128.7421,189.86500199999864
1701957000,43221.08,43264.64,43190,43236.73,203.23168,178.06276349999865
1701957300,43236.72,43302.51,43225.63,43294.63,121.29329,171.06746849999865
1701957600,43294.63,43312.5,43245.89,43286,107.27816,163.27788299999867
1701957900,43285.99,43320.17,43285.99,43316.11,75.51882,155.46003899999863
1701958200,43316.11,43331.84,43281.1,43314.45,77.45616,148.90724999999867
1701958500,43314.44,43314.45,43261.1,43261.11,54.15433,141.47698149999866
1701958800,43261.11,43306.09,43261.1,43292.8,100.84611,139.25057399999864
1701959100,43292.8,43432.85,43281.52,43381.1,153.03801,140.30817449999864
1701959400,43381.1,43436.87,43352.17,43435.01,106.30832,139.11094299999866
1701959700,43435.01,43492.06,43405.27,43409.95,153.86313,136.16016599999867
1701960000,43409.96,43430.02,43378.37,43380,133.67483,125.99708999999866
1701960300,43380.01,43426.49,43344.14,43407.01,108.77769,122.72938799999865
1701960600,43407.01,43504.6,43380,43491.41,190.38998,126.05862099999865
1701960900,43491.41,43526,43474.95,43485.8,134.14098,122.65901149999866
1701961200,43485.79,43653.5,43471.76,43556,401.09043,135.91617299999865
1701961500,43556.01,43572,43429.23,43565.8,258.094,144.10373999999868
1701961800,43565.81,43616.45,43514.53,43557.48,277.44938,151.80752899999868
1701962100,43557.47,43635.65,43536.46,43614,283.65876,161.79115849999866
1701962400,43614,43760.97,43605.77,43742.45,324.02995,169.65180549999866
1701962700,43742.45,43842,43688.14,43839.99,358.68796,181.14909849999867
1701963000,43839.99,43925,43754.01,43781.35,532.12524,197.59377649999868
1701963300,43781.35,43861.1,43771.46,43826.85,238.24395,203.44130949999868
1701963600,43826.84,43855.87,43753.68,43821.45,253.68505,210.76165399999869
1701963900,43821.46,43841.14,43668.07,43705.84,243.84214,219.17781999999866
1701964200,43705.83,43765.7,43666.07,43666.07,188.01505,224.70576449999868
1701964500,43666.07,43698.54,43629.49,43659.99,216.72931,232.83451349999865
1701964800,43659.99,43707.03,43565.66,43707.02,242.43829,239.91412249999863
1701965100,43707.03,43748.87,43617.43,43625.68,269.26632,245.7255379999986
1701965400,43625.68,43686,43607.73,43622.89,217.31285,251.27576449999862
1701965700,43622.89,43638.14,43510,43520.33,289.37062,258.0511389999986
1701966000,43520.34,43588.86,43491.1,43582.27,239.78913,263.35685399999863
1701966300,43582.28,43656.56,43582.27,43651.72,145.76538,265.2062384999986
1701966600,43651.71,43755.26,43632.35,43740.34,294.96821,270.4351499999986
1701966900,43740.34,43740.34,43616.16,43689.61,157.39734,271.5979679999986
1701967200,43689.6,43700,43610.38,43661.99,120.34402,257.5606474999986
1701967500,43661.99,43689,43612.29,43689,94.52575,249.3822349999986
1701967800,43688.99,43704.57,43641.1,43653.18,90.88404,240.05396799999858
1701968100,43653.18,43705,43651.1,43687.1,71.4837,229.44521499999854
1701968400,43687.1,43691.26,43589.07,43595.31,122.52689,219.37006199999854
1701968700,43595.31,43618.09,43557.62,43572.44,123.18656,207.59499199999854
1701969000,43572.44,43624.55,43546.95,43624.54,170.3445,189.50595499999855
1701969300,43624.55,43685.45,43572.94,43685.44,124.45643,183.81657899999857
1701969600,43685.44,43699.69,43648.1,43650,104.9527,176.37996149999856
1701969900,43650.01,43677.97,43593.06,43594.8,151.88007,171.78185799999855
1701970200,43594.81,43594.81,43550,43561.98,181.35873,171.44904199999854
1701970500,43561.97,43561.98,43350.17,43400.77,699.97492,195.61132249999855
1701970800,43400.77,43431.1,43203.85,43310.45,845.02061,225.74043849999853
1701971100,43310.45,43325.45,43201.01,43254.68,649.21302,244.73777349999855
1701971400,43254.67,43371.57,43237.63,43343.07,428.9372,255.31899099999856
1701971700,43343.06,43424,43343.06,43419.02,197.90212,250.74556599999855
1701972000,43419.03,43433.96,43351.79,43385.11,143.08802,245.91051049999857
1701972300,43385.12,43415.21,43331.44,43371.09,169.60658,247.10257049999854
1701972600,43371.1,43424.44,43348.95,43424.43,119.77922,238.34312099999858
1701972900,43424.43,43424.44,43351.9,43384,153.26522,238.13651499999855
1701973200,43384,43424.53,43360,43416.01,91.8831,236.71346899999858
1701973500,43416.01,43446.62,43411.1,43444,171.34933,240.5546479999986
1701973800,43443.99,43457.65,43371.71,43371.71,100.77906,241.04939899999857
1701974100,43371.72,43387.98,43295.98,43306.14,134.10446,244.18043699999856
1701974400,43306.13,43352.56,43287.14,43291.03,158.46468,245.97732649999858
1701974700,43291.02,43411.09,43254.08,43360.76,302.27709,254.93185299999854
1701975000,43360.77,43362,43287.27,43289.09,151.00358,253.96480699999853
1701975300,43289.08,43344.31,43257.89,43309.22,157.67837,255.62590399999849
1701975600,43309.23,43333.32,43271.82,43275.47,171.60795,258.95866649999846
1701975900,43275.46,43329.02,43275.46,43280.09,146.48341,258.68883349999845
1701976200,43280.08,43291.11,43191.1,43231.19,304.92057,264.8669254999985
1701976500,43231.19,43267.87,43206.7,43262.21,151.42093,237.4392259999985
1701976800,43262.21,43262.21,43191.18,43213.18,142.77895,202.3271429999985
1701977100,43213.18,43232,43129.36,43138.11,221.38034,180.9355089999985
1701977400,43138.11,43228.76,43122.71,43185.78,215.94466,170.2858819999985
1701977700,43185.77,43227.8,43144,43145.13,138.9638,167.3389659999985
1701978000,43145.13,43166.22,43058.42,43067.26,190.62031,169.71558049999848
1701978300,43067.26,43131.1,43066.01,43131.1,175.86437,170.02846999999846
1701978600,43131.1,43197.68,43121.79,43169.87,143.45943,171.21248049999846
1701978900,43169.87,43238.91,43167.7,43203.58,269.38958,177.0186984999985
1701979200,43203.57,43260,43192.62,43228.94,157.01099,180.27509299999846
1701979500,43228.95,43293.99,43228.94,43284,177.87219,180.60123599999847
1701979800,43283.99,43334.65,43277.92,43309.22,210.75489,186.10002749999848
1701980100,43309.21,43314.29,43258.62,43293.99,141.28814,186.4592114999985
1701980400,43293.99,43306.14,43233,43245.02,109.32971,184.0024629999985
1701980700,43245.02,43269.61,43214.01,43229.78,244.29556,181.1033864999985
1701981000,43229.79,43229.79,43193.75,43206.99,72.69247,177.18783099999848
1701981300,43206.99,43225.33,43111.1,43111.1,263.96017,182.50192099999848
1701981600,43111.1,43141.1,43079.98,43136.77,184.84849,183.16394799999847
1701981900,43136.78,43161.09,43098.46,43130.05,174.7673,184.57814249999848
1701982200,43130.06,43229.42,43105.5,43215.67,181.96573,178.43040049999846
1701982500,43215.66,43266.56,43205.48,43235.74,181.79525,179.94911649999844
1701982800,43235.74,43323.63,43221.1,43300.31,141.84227,179.90228249999845
1701983100,43300.32,43315.27,43271.1,43309.87,138.15507,175.74101899999843
1701983400,43309.87,43355.21,43283.73,43302.67,180.43017,173.96529449999844
1701983700,43302.67,43316.87,43262.79,43295.64,105.8256,172.30838449999845
1701984000,43295.65,43344.32,43279.74,43344.31,166.41171,171.09795449999845
1701984300,43344.31,43374.19,43321.99,43356.01,172.47471,170.92847149999847
1701984600,43356.01,43456.06,43336.02,43395.31,226.93583,175.10229149999844
1701984900,43395.31,43401.58,43314.94,43321.3,167.08974,169.98729949999844
1701985200,43321.31,43336.02,43294.38,43325.47,110.02637,167.63806849999844
1701985500,43325.46,43359.26,43282,43324.4,136.46044,165.56748099999842
1701985800,43324.4,43386.65,43285,43386.65,81.37293,159.09838299999842
1701986100,43386.65,43388.82,43369.22,43374.51,63.51088,155.2095199999984
1701986400,43374.51,43395.21,43374.5,43374.5,53.88458,152.4372634999984
1701986700,43374.51,43403.39,43374.5,43403.39,56.97713,143.07134199999842
1701987000,43403.39,43413.21,43380.06,43405.99,55.16701,142.19506899999843
1701987300,43405.99,43405.99,43342.34,43342.35,47.02538,131.34832949999844
1701987600,43342.35,43366,43329.55,43366,55.66791,124.88930049999844
1701987900,43366,43375.86,43317.14,43344.89,71.69981,119.73592599999844
1701988200,43344.88,43345.74,43280,43282.29,97.74949,115.52511399999847
1701988500,43282.29,43300,43277,43284.45,68.58429,109.86456599999845
1701988800,43284.45,43284.45,43240.01,43241.22,67.99908,106.17240649999844
1701989100,43241.22,43260,43183.02,43191.34,107.84577,104.65694149999845
1701989400,43191.33,43200.01,43139.96,43195.99,139.6012,102.61549299999845
1701989700,43195.99,43196,43135.72,43136,83.95894,101.52215999999845
1701990000,43136.01,43217.57,43136,43195.63,113.95657,98.89940299999844
1701990300,43195.63,43240,43195.63,43239.99,98.7707,95.21420249999845
1701990600,43240,43295.42,43166.22,43204.47,142.93775,91.01429849999845
1701990900,43204.47,43248,43204.47,43223.66,107.77002,88.04831249999845
1701991200,43223.65,43260,43209.37,43231.1,122.1802,88.65600399999845
1701991500,43231.09,43255.5,43196.03,43253.85,121.5296,87.90946199999846
1701991800,43253.84,43268.75,43240.58,43264.78,58.21202,86.75141649999844
1701992100,43264.79,43288.71,43234.03,43263.8,82.93943,87.72284399999845
1701992400,43263.81,43284.91,43244.1,43284.91,103.71425,90.21432749999845
1701992700,43284.91,43386.64,43284.9,43303.07,298.44362,102.28765199999845
1701993000,43303.06,43303.07,43240.83,43254.79,95.36364,104.29748349999845
1701993300,43254.79,43289.65,43252.42,43273.14,98.85788,106.88910849999846
1701993600,43273.15,43351.45,43261.1,43351.45,122.58143,110.23478449999845
1701993900,43351.44,43371.08,43332.09,43352.13,119.95228,112.64740799999845
1701994200,43352.13,43358,43293.95,43354.27,154.85772,115.50281949999844
1701994500,43354.27,43386,43319.69,43364.74,135.05811,118.82651049999845
1701994800,43364.75,43396,43345.3,43378.09,94.5704,120.15507649999844
1701995100,43378.08,43391.93,43375.42,43376.06,75.96,118.56078799999845
1701995400,43376.05,43390.05,43342.62,43374.52,120.8886,117.62515799999846
1701995700,43374.53,43374.53,43321.1,43351.9,104.60898,118.65765999999846
1701996000,43351.9,43351.91,43317.29,43321.98,82.21615,117.07063899999848
1701996300,43321.98,43367.64,43306,43341.33,100.24259,117.14423349999848
1701996600,43341.33,43376.46,43341.33,43376.45,61.98093,113.09639249999847
1701996900,43376.46,43400,43376.45,43391.94,82.39838,111.82781049999849
1701997200,43391.95,43399.36,43367.64,43370.88,119.38264,111.68793249999848
1701997500,43370.89,43370.89,43321.21,43339.67,87.02719,109.96281199999848
1701997800,43339.67,43345.97,43313.31,43318.6,135.38753,113.82158749999849
1701998100,43318.59,43392.84,43314.25,43373.66,112.82869,115.31605049999848
1701998400,43373.67,43400.01,43351.1,43400,108.67076,115.56387599999849
1701998700,43400,43409.99,43391.09,43391.1,73.7962,104.33150499999847
1701999000,43391.09,43405.91,43361.43,43405.91,60.75752,102.60119899999847
1701999300,43405.9,43409.93,43380,43402.87,93.67805,102.34220749999847
1701999600,43402.88,43407.76,43400.26,43404.25,65.75181,99.50072649999848
1701999900,43404.26,43413.31,43381.1,43386.39,70.91744,97.04898449999847
1702000200,43386.38,43411.13,43382.91,43408.26,55.80596,92.09639649999846
1702000500,43408.25,43408.26,43369.69,43406.13,81.00872,89.39392699999847
1702000800,43406.12,43420.12,43399.1,43414.02,105.15424999999999,89.92311949999848
1702001100,43414.01,43470,43407.78,43469.99,124.94598,92.37241849999847
1702001400,43470,43492.1,43448,43468.51,89.92254,90.82411549999847
1702001700,43468.51,43492.1,43429.78,43436.01,71.39951,89.16364199999848
1702002000,43436.01,43476.29,43436,43475.98,84.94834,89.30025149999847
1702002300,43475.97,43480.28,43469.15,43469.83,59.35248,87.25574599999847
1702002600,43469.83,43481.45,43446.53,43465.28,81.52611,88.23300499999847
1702002900,43465.27,43500,43465.27,43500,66.74313,87.45024249999847
1702003200,43499.99,43510,43473.47,43507.65,85.3138,85.74680049999846
1702003500,43507.65,43507.65,43446.57,43446.58,62.52312,84.52159699999847
1702003800,43446.57,43524.04,43446.57,43521.46,115.36329,83.52038499999847
1702004100,43521.45,43524.99,43495.72,43497.38,94.89052,82.62347649999846
1702004400,43497.39,43516.75,43437.66,43440.05,94.09499,81.89468799999847
1702004700,43440.05,43451.1,43413.22,43429.71,184.98079,87.45391749999847
1702005000,43429.71,43429.72,43403.34,43405.92,104.45499,89.63879099999846
1702005300,43405.92,43424,43387.16,43420.07,95.62258,89.73601749999845
1702005600,43420.08,43420.08,43382.68,43409.89,82.2114,90.55899699999846
1702005900,43409.88,43424,43391.1,43420.75,58.82655,89.95445249999845
1702006200,43420.75,43437.26,43412.25,43437.26,93.98312,91.86331049999846
1702006500,43437.25,43439.87,43403.82,43422.14,97.55232,92.69049049999846
1702006800,43422.14,43422.14,43402.07,43421.1,82.7622,91.57088799999846
1702007100,43421.1,43438.3,43387.48,43417.68,92.94665,89.97092149999847
1702007400,43417.69,43436,43366,43396.76,107.07679,90.82863399999847
1702007700,43396.76,43396.77,43366,43366.01,48.034,89.66035849999848
1702008000,43366,43376.76,43366,43366.39,75.90556,89.20821949999848
1702008300,43366.4,43380.98,43360,43376.99,318.7611,102.17865049999848
1702008600,43376.98,43504.04,43363.5,43500.54,144.94561,105.34962549999848
1702008900,43500.54,43550,43457.5,43494.78,193.3449,111.67971399999847
1702009200,43494.77,43523.09,43468,43488,122.85911,113.55697949999846
1702009500,43488.01,43537.2,43466.86,43520.87,133.40893,117.10126999999848
1702009800,43520.86,43539.58,43502,43517.34,87.4758,115.70689549999847
1702010100,43517.35,43532.04,43468.06,43478.07,115.79713,116.75222599999847
1702010400,43478.08,43511.1,43467.99,43494.66,109.63572,117.52926249999848
1702010700,43494.66,43509.42,43475.1,43475.11,81.62746,112.36159599999849
1702011000,43475.1,43475.98,43459.66,43462.98,105.02319,112.39000599999846
1702011300,43462.98,43479.79,43443.12,43452.87,104.04124,112.81093899999846
1702011600,43452.87,43480.93,43452.86,43460.53,86.17293,113.00901549999847
1702011900,43460.52,43460.53,43431.1,43445.05,73.35935,113.73565549999846
1702012200,43445.04,43459.46,43445.04,43459.46,42.61467,111.16723299999846
1702012500,43459.45,43477.74,43459.45,43477.74,56.79119,109.12917649999847
1702012800,43477.74,43507.56,43451.1,43451.11,105.05373,110.24375299999846
1702013100,43451.11,43451.11,43418.78,43431.09,77.09773,109.45130699999848
1702013400,43431.09,43432.84,43406.22,43406.22,62.41633,107.21828399999848
1702013700,43406.23,43406.23,43399.23,43399.23,64.43089,108.03812849999846
1702014000,43399.24,43406.23,43377,43406.22,112.33242,109.85947149999848
1702014300,43406.23,43420.75,43386.66,43420.74,69.09437,97.37613499999847
1702014600,43420.75,43438.33,43414.04,43438.33,58.56992,93.05735049999848
1702014900,43438.33,43438.33,43421.9,43421.9,42.65917,85.52306399999847
1702015200,43421.91,43450.8,43414.53,43450.79,115.00657,85.13043699999847
1702015500,43450.79,43458.35,43442.86,43442.86,66.48223,81.78410199999846
1702015800,43442.87,43483.43,43442.86,43483.43,162.21902,85.52126299999847
1702016100,43483.43,43486.45,43457.44,43477.13,96.15734,84.53927349999847
1702016400,43477.13,43490,43447.99,43448,94.45884,83.78042949999846
1702016700,43448,43457.09,43425.75,43431.1,69.25411,83.16176199999848
1702017000,43431.11,43431.11,43407.91,43408.91,75.51951,81.68657799999849
1702017300,43408.92,43414.38,43376,43376,133.75892,83.17246199999849
1702017600,43376.01,43376.01,43360,43360.01,109.95029,84.36132999999849
1702017900,43360.01,43378.96,43360,43378.96,137.10006,87.54836549999848
1702018200,43378.96,43384.33,43360,43373.02,82.24966,89.53011499999849
1702018500,43373.02,43380.34,43360,43360,80.06876,90.69399349999848
1702018800,43360.01,43360.01,43355,43355.01,251.12658,97.9976359999985
1702019100,43355,43399.03,43355,43389.43,144.93892,101.3896954999985
1702019400,43389.43,43389.43,43350,43351.65,141.33455,105.33560649999849
1702019700,43351.65,43379.31,43350.01,43351.65,162.98474,110.26329899999848
1702020000,43351.64,43351.65,43125,43201.1,817.47813,145.52058449999848
1702020300,43201.11,43251.1,43135.15,43142.76,290.2631,156.57902099999848
1702020600,43142.77,43185.99,43117.38,43183.38,275.59356,167.43020299999847
1702020900,43183.38,43219.81,43183.38,43219,233.36797,176.9656429999985
1702021200,43219.01,43276.66,43219,43261.3,201.01991,181.2663099999985
1702021500,43261.31,43300,43223.43,43233.99,245.85614,190.2350054999985
1702021800,43233.98,43243.89,43222,43222,190.01463,191.6247859999985
1702022100,43222,43238.45,43166,43166.01,213.54787,197.49431249999847
1702022400,43166.01,43214.01,43136.3,43206.55,240.32052,204.78739649999847
1702022700,43206.54,43214.01,43116,43129.99,419.70492,222.30993699999848
1702023000,43129.99,43194.45,43103.74,43194.44,262.34167,231.65104499999848
1702023300,43194.45,43204.05,43166,43166,279.01921,238.91405949999847
1702023600,43166.01,43225,43166,43224.99,162.832,241.55814499999852
1702023900,43225,43259.7,43224.99,43232.4,166.61309,243.03379649999852
1702024200,43232.4,43252.49,43232.4,43252.49,60.43197,241.94291199999847
1702024500,43252.49,43257,43230.01,43256.99,83.14347,242.09664749999848
1702024800,43256.99,43257,43222.56,43244.53,83.34569,233.70760299999847
1702025100,43244.53,43244.54,43189.49,43202.88,83.65648,230.64348099999847
1702025400,43202.89,43233,43195.06,43233,75.08753,227.3311299999985
1702025700,43232.99,43233,43204.39,43212.94,88.77955,223.6208704999985
1702026000,43212.93,43244.54,43207.1,43244,128.74037,189.1839824999985
1702026300,43243.99,43259,43204.39,43204.4,64.89519,177.9155869999985
1702026600,43204.4,43227.65,43204.39,43216.51,60.24635,167.1482264999985
1702026900,43216.51,43250.42,43201.1,43250.42,82.67207,159.6134314999985
1702027200,43250.41,43278.24,43250.41,43274.83,81.03565,153.6142184999985
1702027500,43274.82,43289.55,43242.89,43242.89,114.85808,147.0643154999985
1702027800,43242.89,43278.5,43242.85,43260.49,107.1776,142.92246399999848
1702028100,43260.49,43271.1,43193.5,43198.28,104.90069,137.4901049999985
1702028400,43198.27,43218.89,43192.96,43202.94,63.14755,128.63145649999848
1702028700,43202.94,43237.65,43202.93,43237.65,55.46115,110.41926799999848
1702029000,43237.64,43237.65,43137.34,43139.31,261.33412,110.3688904999985
1702029300,43139.31,43168.63,43123,43135.98,160.55914,104.44588699999849
1702029600,43135.97,43158.19,43110.57,43158.19,126.93012,102.6507929999985
1702029900,43158.19,43159.86,43134.77,43154.09,94.46387,99.0433319999985
1702030200,43154.08,43199.21,43154.08,43199.21,78.58043,99.9507549999985
1702030500,43199.2,43199.21,43124,43143.46,103.32118,100.95964049999849
1702030800,43143.46,43200,43081.1,43193.25,172.87131,105.4359214999985
1702031100,43193.26,43227.02,43183.48,43218.94,96.71981,106.0890879999985
1702031400,43218.95,43240.53,43195.62,43217.49,87.43855,106.70663899999849
1702031700,43217.5,43230.5,43203.59,43203.59,42.09701,104.37251199999851
1702032000,43203.59,43265.81,43203.59,43265.81,79.80719,101.92585299999851
1702032300,43265.81,43303.35,43252.23,43291.21,178.52619,107.6074029999985
1702032600,43291.2,43320.98,43287.88,43292.01,148.39788,112.0149794999985
1702032900,43292,43350,43291.96,43349.99,99.31495,112.8471234999985
1702033200,43349.99,43434.18,43349.99,43366.06,232.45146,120.41791399999852
1702033500,43366.06,43415.29,43355.22,43370.38,244.53179,126.90159949999853
1702033800,43370.37,43448,43370.37,43432.02,156.60244,129.37284149999851
1702034100,43432.02,43453.41,43409.7,43453.41,126.7145,130.46353199999854
1702034400,43453.41,43514.69,43435.64,43463.03,213.61565,137.98693699999853
1702034700,43463.03,43488.42,43463.02,43488.42,105.32832,140.48029549999853
1702035000,43488.41,43512,43461.1,43512,116.48069,133.23762399999853
1702035300,43511.99,43603.77,43507.4,43594.97,181.7125,134.29529199999854
1702035600,43594.97,43666,43564.27,43654.03,226.04814,139.25119299999852
1702035900,43654.04,43729.73,43612.06,43694.95,298.86718,149.47135849999853
1702036200,43694.95,43701.1,43626.9,43632.71,220.87936,156.58630499999853
1702036500,43632.71,43677.15,43602.16,43653.82,135.83377,158.21193449999856
1702036800,43653.82,43670,43560.17,43605.75,215.88532,160.36263499999853
1702037100,43605.76,43608.4,43536,43557.63,129.1957,161.98642949999854
1702037400,43557.63,43584.9,43524.59,43539.42,96.39249,162.43412649999854
1702037700,43539.43,43590,43512,43589.99,153.73675,168.01611349999854
1702038000,43590,43700,43589.99,43635.67,418.94824,184.97316599999857
1702038300,43635.67,43698.99,43588.26,43652.25,160.62584,184.07814849999858
1702038600,43652.26,43666.4,43625.65,43666.35,137.15071,183.51578999999856
1702038900,43666.36,43729.74,43659.76,43729.74,159.76994,186.53853949999856
1702039200,43729.74,43799.99,43727.22,43754.92,321.44499,190.98821599999854
1702039500,43754.92,43765.93,43707.01,43721.1,136.19426,185.57133949999857
1702039800,43721.11,43791.46,43716,43735.49,135.23259,184.50284699999855
1702040100,43735.5,43760.24,43702.01,43743.83,191.72288,187.75326599999855
1702040400,43743.83,43760,43659.22,43727.2,191.65233,186.65509999999853
1702040700,43727.2,43730,43649,43649.01,122.14022,187.49569499999853
1702041000,43649.01,43711.1,43642.27,43686.52,104.26847,186.88508399999853
1702041300,43686.51,43687.99,43653.41,43671.33,107.81815,183.19036649999853
1702041600,43671.34,43710,43658.57,43710,112.0427,177.49009449999852
1702041900,43709.99,43740,43704.31,43735.68,97.32095,167.4127829999985
1702042200,43735.67,43750,43453.02,43649.58,587.91357,185.76449349999854
1702042500,43649.59,43649.59,43491.99,43530.61,205.64283,189.2549464999985
1702042800,43530.62,43620.3,43516.35,43594.03,171.77714,187.0495374999985
1702043100,43594.03,43687.99,43561.1,43684.62,222.95043,191.73727399999854
1702043400,43684.62,43684.63,43654,43671.79,28.91708,188.36350349999853