datetime,open,high,low,close,volume
2024-12-30 17:50:00,0.1985,0.1986,0.1984,0.1985,616.0
2024-12-30 17:51:00,0.1986,0.1987,0.1986,0.1986,2518.0
2024-12-30 17:52:00,0.1986,0.1986,0.1986,0.1986,128.0
2024-12-30 17:53:00,0.1986,0.1989,0.1986,0.1989,2111.0
2024-12-30 17:54:00,0.1988,0.1988,0.1988,0.1988,947.0
2024-12-30 17:55:00,0.1989,0.1994,0.1989,0.1994,19172.0
2024-12-30 17:56:00,0.1995,0.1998,0.1995,0.1998,7672.0
2024-12-30 17:57:00,0.1996,0.1998,0.1994,0.1995,10464.0
2024-12-30 17:58:00,0.1994,0.1996,0.1994,0.1995,1567.0
2024-12-30 17:59:00,0.1991,0.1992,0.1987,0.1987,9663.0
2024-12-30 18:00:00,0.1987,0.1987,0.1987,0.1987,0.0
2024-12-30 18:01:00,0.1986,0.1988,0.1986,0.1986,5428.0
2024-12-30 18:02:00,0.1979,0.1979,0.1977,0.1977,1291.0
2024-12-30 18:03:00,0.1979,0.1979,0.1978,0.1978,8104.0
2024-12-30 18:04:00,0.1978,0.1979,0.1978,0.1978,1577.0
2024-12-30 18:05:00,0.1977,0.1977,0.1977,0.1977,3949.0
2024-12-30 18:06:00,0.1977,0.1977,0.1977,0.1977,283.0
2024-12-30 18:07:00,0.1976,0.1976,0.1974,0.1975,2149.0
2024-12-30 18:08:00,0.1974,0.1975,0.1966,0.1971,222690.0
2024-12-30 18:09:00,0.1972,0.1972,0.1972,0.1972,260.0
2024-12-30 18:10:00,0.1972,0.1972,0.1972,0.1972,0.0
2024-12-30 18:11:00,0.1974,0.1974,0.1974,0.1974,143.0
2024-12-30 18:12:00,0.1975,0.1976,0.1974,0.1974,6685.0
2024-12-30 18:13:00,0.1974,0.1974,0.1974,0.1974,3693.0
2024-12-30 18:14:00,0.1974,0.1974,0.1974,0.1974,0.0
2024-12-30 18:15:00,0.1975,0.1977,0.1975,0.1977,2239.0
2024-12-30 18:16:00,0.1976,0.1976,0.1976,0.1976,54.0
2024-12-30 18:17:00,0.1974,0.1974,0.1972,0.1972,25650.0
2024-12-30 18:18:00,0.1974,0.1975,0.1974,0.1974,3585.0
2024-12-30 18:19:00,0.1974,0.1974,0.1974,0.1974,0.0
2024-12-30 18:20:00,0.1977,0.1977,0.1976,0.1977,6636.0
2024-12-30 18:21:00,0.1978,0.1978,0.1978,0.1978,63.0
2024-12-30 18:22:00,0.1978,0.1978,0.1978,0.1978,0.0
2024-12-30 18:23:00,0.1976,0.1976,0.1976,0.1976,1863.0
2024-12-30 18:24:00,0.1976,0.1976,0.1976,0.1976,0.0
2024-12-30 18:25:00,0.1981,0.1981,0.1981,0.1981,4054.0
2024-12-30 18:26:00,0.1981,0.1981,0.1981,0.1981,0.0
2024-12-30 18:27:00,0.1981,0.1981,0.1981,0.1981,0.0
2024-12-30 18:28:00,0.1983,0.1983,0.1982,0.1982,386.0
2024-12-30 18:29:00,0.1982,0.1982,0.1982,0.1982,0.0
2024-12-30 18:30:00,0.1982,0.1984,0.1982,0.1984,364.0
2024-12-30 18:31:00,0.1982,0.1985,0.1982,0.1985,1805.0
2024-12-30 18:32:00,0.1986,0.1988,0.1986,0.1987,1259.0
2024-12-30 18:33:00,0.1989,0.199,0.1989,0.1989,14607.0
2024-12-30 18:34:00,0.1988,0.1988,0.1986,0.1986,579.0
2024-12-30 18:35:00,0.1985,0.1985,0.1985,0.1985,1845.0
2024-12-30 18:36:00,0.1987,0.1988,0.1985,0.1985,11924.0
2024-12-30 18:37:00,0.1985,0.1985,0.1985,0.1985,0.0
2024-12-30 18:38:00,0.1985,0.1986,0.1985,0.1986,1630.0
2024-12-30 18:39:00,0.1986,0.1986,0.1986,0.1986,0.0
2024-12-30 18:40:00,0.1985,0.1988,0.1985,0.1987,2867.0
2024-12-30 18:41:00,0.1988,0.1988,0.1986,0.1986,86.0
2024-12-30 18:42:00,0.1985,0.1985,0.1985,0.1985,1205.0
2024-12-30 18:43:00,0.1984,0.1984,0.1984,0.1984,84.0
2024-12-30 18:44:00,0.1985,0.1985,0.1985,0.1985,237.0
2024-12-30 18:45:00,0.1984,0.1984,0.1983,0.1983,242.0
2024-12-30 18:46:00,0.1983,0.1983,0.1983,0.1983,0.0
2024-12-30 18:47:00,0.1983,0.1983,0.1983,0.1983,0.0
2024-12-30 18:48:00,0.1983,0.1984,0.1983,0.1984,2436.0
2024-12-30 18:49:00,0.1984,0.1985,0.1984,0.1985,863.0
2024-12-30 18:50:00,0.1985,0.1985,0.1985,0.1985,5630.0
2024-12-30 18:51:00,0.1984,0.1985,0.1984,0.1985,60.0
2024-12-30 18:52:00,0.1984,0.1984,0.1984,0.1984,320.0
2024-12-30 18:53:00,0.1984,0.1984,0.1984,0.1984,26.0
2024-12-30 18:54:00,0.1985,0.1987,0.1985,0.1987,18007.0
2024-12-30 18:55:00,0.1985,0.1988,0.1985,0.1988,60248.0
2024-12-30 18:56:00,0.1986,0.1988,0.1986,0.1988,2097.0
2024-12-30 18:57:00,0.1988,0.1989,0.1986,0.1986,3100.0
2024-12-30 18:58:00,0.1986,0.1986,0.1986,0.1986,3809.0
2024-12-30 18:59:00,0.1986,0.1986,0.1986,0.1986,0.0
2024-12-30 19:00:00,0.1986,0.1986,0.1984,0.1984,1946.0
2024-12-30 19:01:00,0.1983,0.1983,0.1979,0.1979,7452.0
2024-12-30 19:02:00,0.1977,0.1979,0.1977,0.1979,1867.0
2024-12-30 19:03:00,0.1981,0.1981,0.1975,0.1976,10736.0
2024-12-30 19:04:00,0.1973,0.1973,0.1973,0.1973,2502.0
2024-12-30 19:05:00,0.1973,0.1973,0.1968,0.1969,145888.0
2024-12-30 19:06:00,0.1969,0.1973,0.1969,0.197,16736.0
2024-12-30 19:07:00,0.197,0.1972,0.197,0.197,3606.0
2024-12-30 19:08:00,0.197,0.197,0.1969,0.1969,491.0
2024-12-30 19:09:00,0.197,0.1972,0.197,0.1972,6431.0
2024-12-30 19:10:00,0.1972,0.1973,0.1972,0.1973,995.0
2024-12-30 19:11:00,0.1973,0.1973,0.1971,0.1971,2887.0
2024-12-30 19:12:00,0.197,0.197,0.197,0.197,78.0
2024-12-30 19:13:00,0.197,0.197,0.197,0.197,177.0
2024-12-30 19:14:00,0.197,0.197,0.197,0.197,0.0
2024-12-30 19:15:00,0.1972,0.1973,0.1969,0.197,6755.0
2024-12-30 19:16:00,0.197,0.1971,0.1969,0.1969,297.0
2024-12-30 19:17:00,0.197,0.1971,0.1968,0.1968,1707.0
2024-12-30 19:18:00,0.1967,0.1967,0.1967,0.1967,5690.0
2024-12-30 19:19:00,0.1965,0.1965,0.1964,0.1965,823.0
2024-12-30 19:20:00,0.1964,0.1964,0.1964,0.1964,80.0
2024-12-30 19:21:00,0.1968,0.1968,0.1968,0.1968,457.0
2024-12-30 19:22:00,0.1968,0.1968,0.1968,0.1968,0.0
2024-12-30 19:23:00,0.1968,0.1968,0.1968,0.1968,0.0
2024-12-30 19:24:00,0.1968,0.1968,0.1964,0.1964,3048.0
2024-12-30 19:25:00,0.1963,0.1963,0.1963,0.1963,315.0
2024-12-30 19:26:00,0.1965,0.1965,0.1964,0.1964,794.0
2024-12-30 19:27:00,0.1963,0.1963,0.1959,0.196,21222.0
2024-12-30 19:28:00,0.196,0.196,0.1959,0.1959,340.0
2024-12-30 19:29:00,0.1961,0.1961,0.1961,0.1961,63.0
2024-12-30 19:30:00,0.1965,0.1965,0.1963,0.1963,685.0
2024-12-30 19:31:00,0.196,0.196,0.1959,0.1959,2227.0
2024-12-30 19:32:00,0.1958,0.1958,0.1958,0.1958,5764.0
2024-12-30 19:33:00,0.1957,0.1957,0.1957,0.1957,85.0
2024-12-30 19:34:00,0.1954,0.1955,0.1953,0.1955,13743.0
2024-12-30 19:35:00,0.1955,0.1955,0.1955,0.1955,0.0
2024-12-30 19:36:00,0.1953,0.1953,0.1953,0.1953,27.0
2024-12-30 19:37:00,0.1955,0.1959,0.1955,0.1958,471.0
2024-12-30 19:38:00,0.1957,0.1957,0.1955,0.1956,89.0
2024-12-30 19:39:00,0.1957,0.1957,0.1957,0.1957,53.0
2024-12-30 19:40:00,0.1959,0.1959,0.1956,0.1956,167.0
2024-12-30 19:41:00,0.1957,0.1957,0.1957,0.1957,83.0
2024-12-30 19:42:00,0.1959,0.1963,0.1959,0.1962,54590.0
2024-12-30 19:43:00,0.1962,0.1963,0.1962,0.1962,3335.0
2024-12-30 19:44:00,0.196,0.196,0.196,0.196,26.0
2024-12-30 19:45:00,0.196,0.196,0.196,0.196,2008.0
2024-12-30 19:46:00,0.1964,0.1967,0.1964,0.1967,8333.0
2024-12-30 19:47:00,0.1964,0.1964,0.1964,0.1964,1106.0
2024-12-30 19:48:00,0.1964,0.1964,0.1961,0.1961,201.0
2024-12-30 19:49:00,0.1962,0.1962,0.196,0.196,3926.0
2024-12-30 19:50:00,0.196,0.196,0.1957,0.1957,5761.0
2024-12-30 19:51:00,0.1956,0.1956,0.1951,0.1952,1699.0
2024-12-30 19:52:00,0.1952,0.1953,0.1951,0.1953,1483.0
2024-12-30 19:53:00,0.1952,0.1952,0.1951,0.1951,5454.0
2024-12-30 19:54:00,0.195,0.195,0.1947,0.1949,4187.0
2024-12-30 19:55:00,0.1947,0.1947,0.1943,0.1946,12147.0
2024-12-30 19:56:00,0.1947,0.1949,0.1945,0.1945,3440.0
2024-12-30 19:57:00,0.1946,0.1947,0.1945,0.1946,2150.0
2024-12-30 19:58:00,0.1944,0.1945,0.1944,0.1945,1064.0
2024-12-30 19:59:00,0.1946,0.1946,0.1945,0.1945,90.0
2024-12-30 20:00:00,0.1947,0.1952,0.1946,0.1952,6298.0
2024-12-30 20:01:00,0.1953,0.1953,0.1952,0.1952,5561.0
2024-12-30 20:02:00,0.195,0.1951,0.195,0.1951,1074.0
2024-12-30 20:03:00,0.1951,0.1951,0.1951,0.1951,43.0
2024-12-30 20:04:00,0.1947,0.1947,0.1947,0.1947,871.0
2024-12-30 20:05:00,0.1949,0.1951,0.1948,0.1949,92131.0
2024-12-30 20:06:00,0.1948,0.1948,0.1947,0.1947,1465.0
2024-12-30 20:07:00,0.1947,0.1947,0.1946,0.1947,2579.0
2024-12-30 20:08:00,0.1946,0.1948,0.1946,0.1948,647.0
2024-12-30 20:09:00,0.195,0.195,0.1949,0.195,7559.0
2024-12-30 20:10:00,0.1943,0.1944,0.1942,0.1944,11709.0
2024-12-30 20:11:00,0.1944,0.1944,0.1944,0.1944,3060.0
2024-12-30 20:12:00,0.1943,0.1943,0.1942,0.1943,5790.0
2024-12-30 20:13:00,0.1946,0.1947,0.1946,0.1946,3168.0
2024-12-30 20:14:00,0.1945,0.1945,0.1945,0.1945,6941.0
2024-12-30 20:15:00,0.1945,0.1945,0.1945,0.1945,0.0
2024-12-30 20:16:00,0.1942,0.1948,0.1942,0.1947,13470.0
2024-12-30 20:17:00,0.195,0.195,0.195,0.195,5687.0
2024-12-30 20:18:00,0.195,0.195,0.195,0.195,0.0
2024-12-30 20:19:00,0.195,0.195,0.195,0.195,0.0
2024-12-30 20:20:00,0.195,0.195,0.195,0.195,1914.0
2024-12-30 20:21:00,0.1952,0.1952,0.1952,0.1952,3690.0
2024-12-30 20:22:00,0.195,0.195,0.195,0.195,39.0
2024-12-30 20:23:00,0.195,0.195,0.195,0.195,0.0
2024-12-30 20:24:00,0.1948,0.195,0.1948,0.1948,2148.0
2024-12-30 20:25:00,0.1948,0.1948,0.1946,0.1946,3692.0
2024-12-30 20:26:00,0.1948,0.1948,0.1945,0.1945,6589.0
2024-12-30 20:27:00,0.1946,0.1946,0.1946,0.1946,153.0
2024-12-30 20:28:00,0.1941,0.1943,0.1941,0.1943,5200.0
2024-12-30 20:29:00,0.1943,0.1944,0.1941,0.1941,8232.0
2024-12-30 20:30:00,0.1941,0.1941,0.1938,0.1939,1386.0
2024-12-30 20:31:00,0.1939,0.1939,0.1937,0.1937,211.0
2024-12-30 20:32:00,0.1938,0.1939,0.1935,0.1939,3110.0
2024-12-30 20:33:00,0.1941,0.1942,0.1941,0.1942,3080.0
2024-12-30 20:34:00,0.1942,0.1942,0.1941,0.1941,1024.0
2024-12-30 20:35:00,0.1941,0.1941,0.1938,0.1939,6506.0
2024-12-30 20:36:00,0.1943,0.1944,0.1943,0.1944,4690.0
2024-12-30 20:37:00,0.1941,0.1941,0.1939,0.1939,64.0
2024-12-30 20:38:00,0.1939,0.1939,0.1939,0.1939,0.0
2024-12-30 20:39:00,0.1939,0.194,0.1939,0.194,3575.0
2024-12-30 20:40:00,0.194,0.194,0.1939,0.1939,1795.0
2024-12-30 20:41:00,0.1938,0.194,0.1938,0.194,6583.0
2024-12-30 20:42:00,0.1941,0.1942,0.1941,0.1942,1313.0
2024-12-30 20:43:00,0.1942,0.1943,0.1942,0.1943,1299.0
2024-12-30 20:44:00,0.1942,0.1942,0.194,0.1941,1238.0
2024-12-30 20:45:00,0.1941,0.1943,0.194,0.1942,6603.0
2024-12-30 20:46:00,0.1942,0.1942,0.1941,0.1941,4497.0
2024-12-30 20:47:00,0.1941,0.1947,0.1941,0.1947,54654.0
2024-12-30 20:48:00,0.1946,0.1952,0.1946,0.1951,23411.0
2024-12-30 20:49:00,0.1951,0.1954,0.1949,0.1949,38595.0
2024-12-30 20:50:00,0.1951,0.1951,0.195,0.195,1981.0
2024-12-30 20:51:00,0.1949,0.195,0.1949,0.195,58.0
2024-12-30 20:52:00,0.195,0.195,0.195,0.195,0.0
2024-12-30 20:53:00,0.1952,0.1952,0.1951,0.1951,59.0
2024-12-30 20:54:00,0.1949,0.1949,0.1948,0.1948,192.0
2024-12-30 20:55:00,0.1948,0.1948,0.1948,0.1948,135.0
2024-12-30 20:56:00,0.1949,0.1949,0.1948,0.1949,8209.0
2024-12-30 20:57:00,0.1947,0.1947,0.1945,0.1945,202.0
2024-12-30 20:58:00,0.1946,0.1947,0.1946,0.1947,66.0
2024-12-30 20:59:00,0.1947,0.1947,0.1947,0.1947,60.0
2024-12-30 21:00:00,0.1948,0.1949,0.1946,0.1946,1767.0
2024-12-30 21:01:00,0.1948,0.1948,0.1948,0.1948,3523.0
2024-12-30 21:02:00,0.1948,0.1951,0.1948,0.1951,1988.0
2024-12-30 21:03:00,0.1952,0.1952,0.1952,0.1952,287.0
2024-12-30 21:04:00,0.1952,0.1952,0.1952,0.1952,0.0
2024-12-30 21:05:00,0.1948,0.1948,0.1945,0.1945,620.0
2024-12-30 21:06:00,0.1945,0.1946,0.1945,0.1945,245.0
2024-12-30 21:07:00,0.1945,0.1945,0.1942,0.1943,2653.0
2024-12-30 21:08:00,0.1941,0.1941,0.1938,0.1938,1342.0
2024-12-30 21:09:00,0.1938,0.1939,0.1938,0.1939,5991.0
2024-12-30 21:10:00,0.1939,0.1941,0.1939,0.1939,5678.0
2024-12-30 21:11:00,0.1939,0.1939,0.1939,0.1939,0.0
2024-12-30 21:12:00,0.1939,0.1939,0.1939,0.1939,0.0
2024-12-30 21:13:00,0.1941,0.1941,0.1941,0.1941,4817.0
2024-12-30 21:14:00,0.1941,0.1941,0.1939,0.1939,5437.0
2024-12-30 21:15:00,0.1939,0.1943,0.1939,0.1943,9218.0
2024-12-30 21:16:00,0.1942,0.1942,0.1942,0.1942,343.0
2024-12-30 21:17:00,0.1942,0.1942,0.1942,0.1942,0.0
2024-12-30 21:18:00,0.1941,0.1941,0.1939,0.1939,5033.0
2024-12-30 21:19:00,0.1938,0.1938,0.1938,0.1938,1845.0
2024-12-30 21:20:00,0.1938,0.1938,0.1938,0.1938,0.0
2024-12-30 21:21:00,0.1936,0.1936,0.1933,0.1933,31099.0
2024-12-30 21:22:00,0.1932,0.1932,0.193,0.193,16040.0
2024-12-30 21:23:00,0.1933,0.1934,0.1932,0.1932,11983.0
2024-12-30 21:24:00,0.1934,0.1934,0.1934,0.1934,121.0
2024-12-30 21:25:00,0.1932,0.1932,0.1932,0.1932,2165.0
2024-12-30 21:26:00,0.1934,0.1935,0.1934,0.1935,3746.0
2024-12-30 21:27:00,0.1937,0.1939,0.1937,0.1939,492.0
2024-12-30 21:28:00,0.194,0.194,0.1939,0.1939,347.0
2024-12-30 21:29:00,0.1939,0.1939,0.1939,0.1939,0.0
2024-12-30 21:30:00,0.1942,0.1943,0.1942,0.1943,4515.0
2024-12-30 21:31:00,0.1944,0.1946,0.1944,0.1944,1551.0
2024-12-30 21:32:00,0.1942,0.1942,0.1942,0.1942,45.0
2024-12-30 21:33:00,0.1942,0.1942,0.1942,0.1942,0.0
2024-12-30 21:34:00,0.1946,0.1946,0.1946,0.1946,2334.0
2024-12-30 21:35:00,0.1946,0.1946,0.1944,0.1944,4788.0
2024-12-30 21:36:00,0.1943,0.1944,0.1943,0.1944,2034.0
2024-12-30 21:37:00,0.1942,0.1942,0.1941,0.1941,7598.0
2024-12-30 21:38:00,0.1941,0.1941,0.1941,0.1941,0.0
2024-12-30 21:39:00,0.1942,0.1942,0.1942,0.1942,143.0
2024-12-30 21:40:00,0.1942,0.1942,0.1941,0.1941,90.0
2024-12-30 21:41:00,0.1944,0.1944,0.1942,0.1943,7586.0
2024-12-30 21:42:00,0.1942,0.1942,0.194,0.194,1904.0
2024-12-30 21:43:00,0.1938,0.1939,0.1938,0.1939,1825.0
2024-12-30 21:44:00,0.1941,0.1941,0.1941,0.1941,56.0
2024-12-30 21:45:00,0.1942,0.1942,0.1939,0.194,1144.0
2024-12-30 21:46:00,0.1941,0.1941,0.1939,0.1939,9524.0
2024-12-30 21:47:00,0.1941,0.1943,0.1941,0.1943,7078.0
2024-12-30 21:48:00,0.1941,0.1944,0.194,0.194,90071.0
2024-12-30 21:49:00,0.1938,0.1938,0.1938,0.1938,11559.0
2024-12-30 21:50:00,0.1939,0.1942,0.1939,0.1941,3456.0
2024-12-30 21:51:00,0.194,0.1941,0.194,0.1941,104.0
2024-12-30 21:52:00,0.1941,0.1943,0.194,0.1942,5966.0
2024-12-30 21:53:00,0.1942,0.1942,0.1942,0.1942,66.0
2024-12-30 21:54:00,0.194,0.194,0.1937,0.1937,1831.0
2024-12-30 21:55:00,0.1936,0.1936,0.1934,0.1934,3961.0
2024-12-30 21:56:00,0.1935,0.1935,0.193,0.1933,45601.0
2024-12-30 21:57:00,0.1933,0.1933,0.1932,0.1933,136.0
2024-12-30 21:58:00,0.1935,0.1935,0.1933,0.1933,2036.0
2024-12-30 21:59:00,0.1935,0.1935,0.1935,0.1935,57.0
2024-12-30 22:00:00,0.1935,0.1936,0.1935,0.1936,3938.0
2024-12-30 22:01:00,0.1935,0.1935,0.1935,0.1935,2170.0
2024-12-30 22:02:00,0.1931,0.1931,0.1929,0.1931,7512.0
2024-12-30 22:03:00,0.1931,0.1931,0.1928,0.1928,7214.0
2024-12-30 22:04:00,0.1927,0.1927,0.1926,0.1926,3450.0
2024-12-30 22:05:00,0.1927,0.1928,0.1924,0.1924,2394.0
2024-12-30 22:06:00,0.1925,0.1925,0.1925,0.1925,392.0
2024-12-30 22:07:00,0.1926,0.1926,0.1925,0.1925,3770.0
2024-12-30 22:08:00,0.1925,0.1926,0.1925,0.1925,387.0
2024-12-30 22:09:00,0.193,0.193,0.1928,0.1928,4738.0
2024-12-30 22:10:00,0.1927,0.1927,0.1927,0.1927,90.0
2024-12-30 22:11:00,0.1927,0.1927,0.1927,0.1927,0.0
2024-12-30 22:12:00,0.1929,0.1929,0.1927,0.1927,4896.0
2024-12-30 22:13:00,0.1927,0.1927,0.1927,0.1927,0.0
2024-12-30 22:14:00,0.1927,0.1927,0.1926,0.1926,4877.0
2024-12-30 22:15:00,0.1929,0.193,0.1929,0.193,230.0
2024-12-30 22:16:00,0.193,0.193,0.193,0.193,1.0
2024-12-30 22:17:00,0.1926,0.1926,0.1926,0.1926,3690.0
2024-12-30 22:18:00,0.193,0.1931,0.193,0.193,6714.0
2024-12-30 22:19:00,0.193,0.193,0.193,0.193,0.0
2024-12-30 22:20:00,0.193,0.193,0.193,0.193,0.0
2024-12-30 22:21:00,0.193,0.193,0.193,0.193,0.0
2024-12-30 22:22:00,0.1932,0.1934,0.1932,0.1934,5030.0
2024-12-30 22:23:00,0.1935,0.1938,0.1935,0.1938,38874.0
2024-12-30 22:24:00,0.1936,0.1938,0.1936,0.1938,191.0
2024-12-30 22:25:00,0.1939,0.1939,0.1938,0.1939,2395.0
2024-12-30 22:26:00,0.1937,0.1937,0.1937,0.1937,45.0
2024-12-30 22:27:00,0.1936,0.1936,0.1935,0.1935,2208.0
2024-12-30 22:28:00,0.1935,0.1935,0.1935,0.1935,467.0
2024-12-30 22:29:00,0.1936,0.1936,0.1936,0.1936,336.0
2024-12-30 22:30:00,0.1935,0.1938,0.1935,0.1935,8890.0
2024-12-30 22:31:00,0.1935,0.1935,0.1935,0.1935,12257.0
2024-12-30 22:32:00,0.1936,0.1936,0.1936,0.1936,52.0
2024-12-30 22:33:00,0.1936,0.1936,0.1936,0.1936,0.0
2024-12-30 22:34:00,0.1936,0.1936,0.1936,0.1936,0.0
2024-12-30 22:35:00,0.1936,0.1936,0.1934,0.1934,15262.0
2024-12-30 22:36:00,0.1934,0.1934,0.1934,0.1934,139.0
2024-12-30 22:37:00,0.1937,0.1937,0.1936,0.1936,16549.0
2024-12-30 22:38:00,0.1934,0.1934,0.1933,0.1933,832.0
2024-12-30 22:39:00,0.1931,0.1932,0.1931,0.1932,2845.0
2024-12-30 22:40:00,0.1935,0.1935,0.1933,0.1933,136.0
2024-12-30 22:41:00,0.1933,0.1934,0.1933,0.1934,12633.0
2024-12-30 22:42:00,0.1931,0.1931,0.193,0.193,4413.0
2024-12-30 22:43:00,0.1928,0.1928,0.1928,0.1928,1702.0
2024-12-30 22:44:00,0.1928,0.1928,0.1926,0.1928,2230.0
2024-12-30 22:45:00,0.1926,0.1926,0.1923,0.1924,2159.0
2024-12-30 22:46:00,0.1923,0.1923,0.1923,0.1923,3716.0
2024-12-30 22:47:00,0.1924,0.1924,0.1924,0.1924,6750.0
2024-12-30 22:48:00,0.1927,0.1927,0.1925,0.1925,9170.0
2024-12-30 22:49:00,0.1927,0.1927,0.1927,0.1927,6688.0
2024-12-30 22:50:00,0.1925,0.1925,0.1925,0.1925,2636.0
2024-12-30 22:51:00,0.1926,0.1926,0.1924,0.1926,2755.0
2024-12-30 22:52:00,0.1926,0.1926,0.1926,0.1926,0.0
2024-12-30 22:53:00,0.1928,0.1928,0.1928,0.1928,26.0
2024-12-30 22:54:00,0.1928,0.1928,0.1928,0.1928,0.0
2024-12-30 22:55:00,0.1926,0.1926,0.1926,0.1926,1845.0
2024-12-30 22:56:00,0.1926,0.1927,0.1926,0.1927,660.0
2024-12-30 22:57:00,0.1928,0.1931,0.1928,0.1931,4368.0
2024-12-30 22:58:00,0.1929,0.1929,0.1929,0.1929,8328.0
2024-12-30 22:59:00,0.1927,0.1927,0.1925,0.1925,380.0
2024-12-30 23:00:00,0.1926,0.1926,0.1925,0.1925,6449.0
2024-12-30 23:01:00,0.1928,0.193,0.1928,0.1929,8452.0
2024-12-30 23:02:00,0.1929,0.1929,0.1928,0.1928,4327.0
2024-12-30 23:03:00,0.1929,0.1929,0.1928,0.1928,57.0
2024-12-30 23:04:00,0.1929,0.1929,0.1929,0.1929,1000.0
2024-12-30 23:05:00,0.1932,0.1933,0.1932,0.1933,10381.0
2024-12-30 23:06:00,0.1933,0.1933,0.1933,0.1933,0.0
2024-12-30 23:07:00,0.1933,0.1933,0.1931,0.1931,2052.0
2024-12-30 23:08:00,0.1931,0.1932,0.1931,0.1932,10081.0
2024-12-30 23:09:00,0.1934,0.1936,0.1934,0.1935,7463.0
2024-12-30 23:10:00,0.1935,0.1937,0.1935,0.1937,2166.0
2024-12-30 23:11:00,0.1938,0.1939,0.1938,0.1938,2196.0
2024-12-30 23:12:00,0.1938,0.1939,0.1938,0.1938,3175.0
2024-12-30 23:13:00,0.1938,0.1938,0.1938,0.1938,722.0
2024-12-30 23:14:00,0.1937,0.1937,0.1936,0.1936,808.0
2024-12-30 23:15:00,0.1934,0.1935,0.1933,0.1935,26092.0
2024-12-30 23:16:00,0.1933,0.1933,0.1928,0.1929,50788.0
2024-12-30 23:17:00,0.1929,0.1929,0.1924,0.1924,17448.0
2024-12-30 23:18:00,0.1925,0.1929,0.1925,0.1929,8679.0
2024-12-30 23:19:00,0.1929,0.1929,0.1929,0.1929,0.0
2024-12-30 23:20:00,0.1928,0.1931,0.1928,0.1931,4364.0
2024-12-30 23:21:00,0.193,0.193,0.193,0.193,6887.0
2024-12-30 23:22:00,0.193,0.193,0.193,0.193,0.0
2024-12-30 23:23:00,0.1928,0.1929,0.1928,0.1929,2809.0
2024-12-30 23:24:00,0.1929,0.1929,0.1929,0.1929,0.0
2024-12-30 23:25:00,0.1928,0.1928,0.1928,0.1928,3711.0
2024-12-30 23:26:00,0.1929,0.1929,0.1929,0.1929,111.0
2024-12-30 23:27:00,0.1929,0.1929,0.1929,0.1929,1134.0
2024-12-30 23:28:00,0.193,0.193,0.193,0.193,298.0
2024-12-30 23:29:00,0.193,0.193,0.193,0.193,0.0
2024-12-30 23:30:00,0.1929,0.1929,0.1929,0.1929,42.0
2024-12-30 23:31:00,0.1931,0.1931,0.193,0.193,7169.0
2024-12-30 23:32:00,0.1931,0.1931,0.193,0.1931,8171.0
2024-12-30 23:33:00,0.193,0.1931,0.193,0.1931,4459.0
2024-12-30 23:34:00,0.1929,0.1929,0.1929,0.1929,978.0
2024-12-30 23:35:00,0.1929,0.1929,0.1929,0.1929,0.0
2024-12-30 23:36:00,0.1929,0.1929,0.1929,0.1929,0.0
2024-12-30 23:37:00,0.193,0.1931,0.193,0.1931,18795.0
2024-12-30 23:38:00,0.193,0.1931,0.193,0.193,1749.0
2024-12-30 23:39:00,0.193,0.193,0.193,0.193,189.0
2024-12-30 23:40:00,0.193,0.193,0.1927,0.1928,2926.0
2024-12-30 23:41:00,0.1924,0.1924,0.1923,0.1923,497.0
2024-12-30 23:42:00,0.1924,0.1924,0.1924,0.1924,45.0
2024-12-30 23:43:00,0.1926,0.1926,0.1925,0.1925,11572.0
2024-12-30 23:44:00,0.1923,0.1923,0.1919,0.1919,23192.0
2024-12-30 23:45:00,0.1919,0.1919,0.1918,0.1919,3896.0
2024-12-30 23:46:00,0.1919,0.1919,0.1918,0.1918,25927.0
2024-12-30 23:47:00,0.1916,0.1916,0.1913,0.1914,48650.0
2024-12-30 23:48:00,0.1913,0.1916,0.1913,0.1916,3945.0
2024-12-30 23:49:00,0.1919,0.1919,0.1915,0.1915,2868.0
2024-12-30 23:50:00,0.1915,0.1915,0.1915,0.1915,35.0
2024-12-30 23:51:00,0.1916,0.1916,0.1912,0.1914,20533.0
2024-12-30 23:52:00,0.1914,0.1914,0.1914,0.1914,0.0
2024-12-30 23:53:00,0.1915,0.1915,0.1913,0.1913,9438.0
2024-12-30 23:54:00,0.1914,0.1915,0.1913,0.1915,9255.0
2024-12-30 23:55:00,0.1918,0.1918,0.1916,0.1916,3722.0
2024-12-30 23:56:00,0.1914,0.1914,0.1914,0.1914,2479.0
2024-12-30 23:57:00,0.1916,0.1916,0.1915,0.1915,1263.0
2024-12-30 23:58:00,0.1914,0.1914,0.1914,0.1914,27.0
2024-12-30 23:59:00,0.1914,0.1914,0.1914,0.1914,0.0
2024-12-31 00:00:00,0.1916,0.1916,0.1915,0.1915,226.0
2024-12-31 00:01:00,0.1915,0.1916,0.1913,0.1915,11970.0
2024-12-31 00:02:00,0.1915,0.1921,0.1915,0.1921,15507.0
2024-12-31 00:03:00,0.1921,0.1924,0.1921,0.1923,94440.0
2024-12-31 00:04:00,0.1924,0.1926,0.1924,0.1926,4219.0
2024-12-31 00:05:00,0.1926,0.1926,0.1925,0.1926,3720.0
2024-12-31 00:06:00,0.1926,0.1926,0.1926,0.1926,54.0
2024-12-31 00:07:00,0.1926,0.1926,0.1926,0.1926,0.0
2024-12-31 00:08:00,0.1928,0.1929,0.1928,0.1928,4721.0
2024-12-31 00:09:00,0.1927,0.1927,0.1927,0.1927,1093.0
2024-12-31 00:10:00,0.1929,0.1929,0.1929,0.1929,10484.0
2024-12-31 00:11:00,0.1927,0.1927,0.1927,0.1927,3690.0
2024-12-31 00:12:00,0.1929,0.1929,0.1926,0.1926,1879.0
2024-12-31 00:13:00,0.1926,0.1926,0.1926,0.1926,0.0
2024-12-31 00:14:00,0.1924,0.1924,0.1924,0.1924,77.0
2024-12-31 00:15:00,0.1924,0.1924,0.192,0.192,2356.0
2024-12-31 00:16:00,0.192,0.192,0.1916,0.1917,9219.0
2024-12-31 00:17:00,0.1915,0.1917,0.1915,0.1917,2946.0
2024-12-31 00:18:00,0.1917,0.1917,0.1917,0.1917,0.0
2024-12-31 00:19:00,0.1917,0.1917,0.1916,0.1917,1825.0
2024-12-31 00:20:00,0.1914,0.1916,0.1914,0.1916,779.0
2024-12-31 00:21:00,0.1921,0.1922,0.1921,0.1922,3820.0
2024-12-31 00:22:00,0.1926,0.1928,0.1926,0.1928,2543.0
2024-12-31 00:23:00,0.193,0.1933,0.193,0.1933,2503.0
2024-12-31 00:24:00,0.1933,0.1933,0.1933,0.1933,0.0
2024-12-31 00:25:00,0.1928,0.1928,0.1928,0.1928,65.0
2024-12-31 00:26:00,0.1929,0.1929,0.1928,0.1928,5032.0
2024-12-31 00:27:00,0.1928,0.1928,0.1927,0.1927,755.0
2024-12-31 00:28:00,0.1925,0.1925,0.1925,0.1925,299.0
2024-12-31 00:29:00,0.1925,0.1925,0.1925,0.1925,0.0
2024-12-31 00:30:00,0.1927,0.1927,0.1927,0.1927,100.0
2024-12-31 00:31:00,0.1927,0.1927,0.1927,0.1927,0.0
2024-12-31 00:32:00,0.1923,0.1923,0.1923,0.1923,1248.0
2024-12-31 00:33:00,0.1927,0.1927,0.1927,0.1927,3690.0
2024-12-31 00:34:00,0.1927,0.193,0.1927,0.193,502.0
2024-12-31 00:35:00,0.1933,0.1933,0.1933,0.1933,1011.0
2024-12-31 00:36:00,0.193,0.193,0.1928,0.193,3844.0
2024-12-31 00:37:00,0.1931,0.1931,0.1931,0.1931,33.0
2024-12-31 00:38:00,0.1932,0.1933,0.1931,0.1932,51076.0
2024-12-31 00:39:00,0.1931,0.1931,0.1931,0.1931,201.0
2024-12-31 00:40:00,0.1931,0.1931,0.1931,0.1931,1845.0
2024-12-31 00:41:00,0.1932,0.1932,0.193,0.193,2517.0
2024-12-31 00:42:00,0.1929,0.1929,0.1929,0.1929,29.0
2024-12-31 00:43:00,0.1929,0.1929,0.1928,0.1928,428.0
2024-12-31 00:44:00,0.193,0.193,0.193,0.193,6099.0
2024-12-31 00:45:00,0.193,0.193,0.193,0.193,537.0
2024-12-31 00:46:00,0.1929,0.193,0.1929,0.193,3145.0
2024-12-31 00:47:00,0.1929,0.1929,0.1929,0.1929,683.0
2024-12-31 00:48:00,0.1929,0.1929,0.1926,0.1926,2580.0
2024-12-31 00:49:00,0.1923,0.1923,0.1923,0.1923,596.0
2024-12-31 00:50:00,0.1926,0.1926,0.1925,0.1925,3724.0
2024-12-31 00:51:00,0.1926,0.1926,0.1924,0.1924,1240.0
2024-12-31 00:52:00,0.1926,0.1926,0.1926,0.1926,54.0
2024-12-31 00:53:00,0.1927,0.1929,0.1927,0.1929,11895.0
2024-12-31 00:54:00,0.193,0.193,0.1929,0.193,37100.0
2024-12-31 00:55:00,0.1931,0.1931,0.1931,0.1931,776.0
2024-12-31 00:56:00,0.193,0.1931,0.193,0.1931,1138.0
2024-12-31 00:57:00,0.1931,0.1931,0.1929,0.193,3860.0
2024-12-31 00:58:00,0.1929,0.1929,0.1929,0.1929,75.0
2024-12-31 00:59:00,0.1929,0.1929,0.1929,0.1929,1845.0
2024-12-31 01:00:00,0.1928,0.1928,0.1926,0.1926,2722.0
2024-12-31 01:01:00,0.1925,0.1925,0.1922,0.1922,28769.0
2024-12-31 01:02:00,0.1921,0.1926,0.1921,0.1926,2217.0
2024-12-31 01:03:00,0.1926,0.1928,0.1926,0.1928,8894.0
2024-12-31 01:04:00,0.1926,0.1926,0.1926,0.1926,104.0
2024-12-31 01:05:00,0.1926,0.1926,0.1926,0.1926,0.0
2024-12-31 01:06:00,0.1926,0.1926,0.1926,0.1926,1845.0
2024-12-31 01:07:00,0.1926,0.1929,0.1926,0.1928,79558.0
2024-12-31 01:08:00,0.193,0.1931,0.193,0.1931,11574.0
2024-12-31 01:09:00,0.1934,0.1934,0.1934,0.1934,6518.0
2024-12-31 01:10:00,0.1939,0.1945,0.1936,0.194,26127.0
2024-12-31 01:11:00,0.1943,0.1944,0.1942,0.1942,7471.0
2024-12-31 01:12:00,0.1942,0.1942,0.194,0.194,714.0
2024-12-31 01:13:00,0.1938,0.1939,0.1937,0.1937,520.0
2024-12-31 01:14:00,0.1936,0.1936,0.1935,0.1935,493.0
2024-12-31 01:15:00,0.1933,0.1935,0.1933,0.1935,4835.0
2024-12-31 01:16:00,0.1934,0.1934,0.1932,0.1932,9902.0
2024-12-31 01:17:00,0.1935,0.1935,0.1935,0.1935,93.0
2024-12-31 01:18:00,0.1936,0.1936,0.1936,0.1936,430.0
2024-12-31 01:19:00,0.1936,0.1936,0.1936,0.1936,0.0
2024-12-31 01:20:00,0.1937,0.1937,0.1937,0.1937,338.0
2024-12-31 01:21:00,0.194,0.1942,0.194,0.1942,5474.0
2024-12-31 01:22:00,0.1939,0.1942,0.1939,0.1939,4751.0
2024-12-31 01:23:00,0.1938,0.1938,0.1935,0.1935,17235.0
2024-12-31 01:24:00,0.1936,0.1936,0.1934,0.1934,1086.0
2024-12-31 01:25:00,0.1933,0.1935,0.1933,0.1935,11998.0
2024-12-31 01:26:00,0.1935,0.1935,0.1935,0.1935,10366.0
2024-12-31 01:27:00,0.1935,0.1935,0.1934,0.1934,1696.0
2024-12-31 01:28:00,0.1936,0.1936,0.1935,0.1935,6419.0
2024-12-31 01:29:00,0.1934,0.1936,0.1934,0.1936,835.0
2024-12-31 01:30:00,0.1936,0.1936,0.1936,0.1936,0.0
2024-12-31 01:31:00,0.1933,0.1938,0.1933,0.1936,11965.0
2024-12-31 01:32:00,0.1936,0.1937,0.1935,0.1937,9695.0
2024-12-31 01:33:00,0.1936,0.1937,0.193,0.193,13433.0
2024-12-31 01:34:00,0.193,0.1932,0.193,0.1931,8808.0
2024-12-31 01:35:00,0.1931,0.1931,0.1931,0.1931,0.0
2024-12-31 01:36:00,0.193,0.193,0.1929,0.1929,2161.0
2024-12-31 01:37:00,0.1928,0.1929,0.1928,0.1929,3170.0
2024-12-31 01:38:00,0.1926,0.1927,0.1926,0.1927,4293.0
2024-12-31 01:39:00,0.1925,0.1925,0.1925,0.1925,25.0
2024-12-31 01:40:00,0.1923,0.1923,0.192,0.192,21630.0
2024-12-31 01:41:00,0.1922,0.1922,0.1922,0.1922,1204.0
2024-12-31 01:42:00,0.1923,0.1924,0.1923,0.1924,3034.0
2024-12-31 01:43:00,0.1926,0.1926,0.1926,0.1926,1760.0
2024-12-31 01:44:00,0.1927,0.1928,0.1926,0.1927,17515.0
2024-12-31 01:45:00,0.1925,0.1925,0.1924,0.1924,625.0
2024-12-31 01:46:00,0.1927,0.1931,0.1927,0.193,16252.0
2024-12-31 01:47:00,0.1931,0.1933,0.1931,0.1933,7792.0
2024-12-31 01:48:00,0.1932,0.1932,0.1932,0.1932,35.0
2024-12-31 01:49:00,0.1931,0.1932,0.1931,0.1932,1536.0
2024-12-31 01:50:00,0.1931,0.1931,0.193,0.193,190.0
2024-12-31 01:51:00,0.1932,0.1932,0.193,0.1931,4372.0
2024-12-31 01:52:00,0.1931,0.1932,0.1931,0.1932,8067.0
2024-12-31 01:53:00,0.1933,0.1933,0.1933,0.1933,1240.0
2024-12-31 01:54:00,0.1933,0.1933,0.1933,0.1933,818.0
2024-12-31 01:55:00,0.1933,0.1933,0.1932,0.1932,18105.0
2024-12-31 01:56:00,0.1932,0.1932,0.193,0.193,236.0
2024-12-31 01:57:00,0.1931,0.1931,0.193,0.1931,1231.0
2024-12-31 01:58:00,0.193,0.1931,0.193,0.1931,1050.0
2024-12-31 01:59:00,0.1932,0.1933,0.1932,0.1932,5241.0
2024-12-31 02:00:00,0.1932,0.1932,0.1932,0.1932,2057.0
2024-12-31 02:01:00,0.1936,0.1936,0.1936,0.1936,325.0
2024-12-31 02:02:00,0.1939,0.1939,0.1939,0.1939,3691.0
2024-12-31 02:03:00,0.1938,0.1938,0.1938,0.1938,449.0
2024-12-31 02:04:00,0.1941,0.1941,0.1938,0.1938,7804.0
2024-12-31 02:05:00,0.1938,0.1938,0.1938,0.1938,0.0
2024-12-31 02:06:00,0.1935,0.1936,0.1934,0.1936,918.0
2024-12-31 02:07:00,0.1936,0.1936,0.1936,0.1936,64.0
2024-12-31 02:08:00,0.1935,0.1935,0.1935,0.1935,321.0
2024-12-31 02:09:00,0.1935,0.1935,0.1935,0.1935,0.0
2024-12-31 02:10:00,0.1935,0.1937,0.1935,0.1937,2177.0
2024-12-31 02:11:00,0.1934,0.1934,0.1933,0.1933,1601.0
2024-12-31 02:12:00,0.1934,0.1934,0.1934,0.1934,42.0
2024-12-31 02:13:00,0.1934,0.1934,0.1934,0.1934,0.0
2024-12-31 02:14:00,0.1934,0.1934,0.1934,0.1934,1241.0
2024-12-31 02:15:00,0.193,0.1932,0.193,0.1932,1895.0
2024-12-31 02:16:00,0.1932,0.1934,0.1931,0.1934,14262.0
2024-12-31 02:17:00,0.1933,0.1933,0.1933,0.1933,1845.0
2024-12-31 02:18:00,0.1932,0.1932,0.1932,0.1932,722.0
2024-12-31 02:19:00,0.193,0.1931,0.193,0.1931,3665.0
2024-12-31 02:20:00,0.1932,0.1934,0.1931,0.1934,6012.0
2024-12-31 02:21:00,0.1933,0.1933,0.1932,0.1932,3373.0
2024-12-31 02:22:00,0.1931,0.1934,0.1931,0.1934,944.0
2024-12-31 02:23:00,0.1934,0.1934,0.1934,0.1934,0.0
2024-12-31 02:24:00,0.1934,0.1934,0.1934,0.1934,0.0
2024-12-31 02:25:00,0.1933,0.1934,0.1933,0.1934,6934.0
2024-12-31 02:26:00,0.1934,0.1934,0.1933,0.1934,1069.0
2024-12-31 02:27:00,0.1935,0.1935,0.1933,0.1934,4974.0
2024-12-31 02:28:00,0.1933,0.1933,0.1933,0.1933,3690.0
2024-12-31 02:29:00,0.1933,0.1933,0.1933,0.1933,0.0
2024-12-31 02:30:00,0.1932,0.1932,0.193,0.193,48656.0
2024-12-31 02:31:00,0.193,0.193,0.1929,0.193,5787.0
2024-12-31 02:32:00,0.1932,0.1935,0.1932,0.1935,50000.0
2024-12-31 02:33:00,0.1933,0.1933,0.1933,0.1933,3242.0
2024-12-31 02:34:00,0.1932,0.1932,0.193,0.193,4632.0
2024-12-31 02:35:00,0.193,0.193,0.193,0.193,2084.0
2024-12-31 02:36:00,0.1931,0.1931,0.193,0.193,1741.0
2024-12-31 02:37:00,0.1928,0.1928,0.1928,0.1928,1278.0
2024-12-31 02:38:00,0.1926,0.1926,0.1925,0.1925,2717.0
2024-12-31 02:39:00,0.1925,0.1926,0.1924,0.1926,30006.0
2024-12-31 02:40:00,0.1927,0.1927,0.1927,0.1927,1521.0
2024-12-31 02:41:00,0.1929,0.1929,0.1929,0.1929,143.0
2024-12-31 02:42:00,0.1929,0.1929,0.1929,0.1929,1128.0
2024-12-31 02:43:00,0.193,0.193,0.1929,0.193,6272.0
2024-12-31 02:44:00,0.193,0.193,0.1928,0.1928,2290.0
2024-12-31 02:45:00,0.1928,0.1928,0.1928,0.1928,77.0
2024-12-31 02:46:00,0.1931,0.1931,0.1931,0.1931,4837.0
2024-12-31 02:47:00,0.193,0.193,0.193,0.193,84.0
2024-12-31 02:48:00,0.193,0.193,0.1929,0.1929,11914.0
2024-12-31 02:49:00,0.1929,0.1929,0.1928,0.1928,10193.0
2024-12-31 02:50:00,0.1933,0.1934,0.1933,0.1933,9510.0
2024-12-31 02:51:00,0.1931,0.1934,0.1931,0.1934,15307.0
2024-12-31 02:52:00,0.1934,0.1934,0.1934,0.1934,0.0
2024-12-31 02:53:00,0.1932,0.1933,0.1931,0.1933,14768.0
2024-12-31 02:54:00,0.1934,0.1934,0.1934,0.1934,1177.0
2024-12-31 02:55:00,0.1935,0.1935,0.1934,0.1935,665.0
2024-12-31 02:56:00,0.1936,0.1937,0.1936,0.1937,1996.0
2024-12-31 02:57:00,0.1937,0.1938,0.1937,0.1938,167.0
2024-12-31 02:58:00,0.1938,0.1938,0.1938,0.1938,0.0
2024-12-31 02:59:00,0.1938,0.1938,0.1938,0.1938,33.0
2024-12-31 03:00:00,0.1938,0.1945,0.1938,0.1945,7471.0
2024-12-31 03:01:00,0.1945,0.1946,0.1945,0.1945,3450.0
2024-12-31 03:02:00,0.1946,0.1946,0.1943,0.1943,4881.0
2024-12-31 03:03:00,0.1941,0.1941,0.1941,0.1941,1000.0
2024-12-31 03:04:00,0.1941,0.1941,0.1941,0.1941,0.0
2024-12-31 03:05:00,0.1941,0.1941,0.1941,0.1941,0.0
2024-12-31 03:06:00,0.1946,0.1946,0.1944,0.1944,528.0
2024-12-31 03:07:00,0.1944,0.1944,0.1944,0.1944,0.0
2024-12-31 03:08:00,0.1944,0.1944,0.1944,0.1944,0.0
2024-12-31 03:09:00,0.1944,0.1945,0.1942,0.1942,15868.0
2024-12-31 03:10:00,0.1943,0.1943,0.1942,0.1942,757.0
2024-12-31 03:11:00,0.1941,0.1942,0.1941,0.1942,1242.0
2024-12-31 03:12:00,0.1943,0.1944,0.1943,0.1944,7997.0
2024-12-31 03:13:00,0.1944,0.1944,0.1944,0.1944,0.0
2024-12-31 03:14:00,0.1944,0.1944,0.1942,0.1942,2948.0
2024-12-31 03:15:00,0.1942,0.1942,0.1942,0.1942,0.0
2024-12-31 03:16:00,0.1943,0.1944,0.1943,0.1944,2132.0
2024-12-31 03:17:00,0.1947,0.1951,0.1947,0.1951,5956.0
2024-12-31 03:18:00,0.1952,0.1953,0.1952,0.1953,10570.0
2024-12-31 03:19:00,0.1953,0.1953,0.1953,0.1953,0.0
2024-12-31 03:20:00,0.1954,0.1954,0.1953,0.1953,348.0
2024-12-31 03:21:00,0.1956,0.196,0.1955,0.1955,8808.0
2024-12-31 03:22:00,0.1956,0.1961,0.1956,0.1961,17633.0
2024-12-31 03:23:00,0.1963,0.1971,0.1963,0.197,23155.0
2024-12-31 03:24:00,0.1973,0.1974,0.1969,0.1971,6529.0
2024-12-31 03:25:00,0.1973,0.1981,0.1973,0.1979,26493.0
2024-12-31 03:26:00,0.1979,0.1983,0.1979,0.1983,10570.0
2024-12-31 03:27:00,0.1983,0.1986,0.1983,0.1986,20819.0
2024-12-31 03:28:00,0.1983,0.1987,0.1983,0.1984,5239.0
2024-12-31 03:29:00,0.1981,0.1982,0.1976,0.1979,92020.0
2024-12-31 03:30:00,0.1984,0.1987,0.1983,0.1983,8434.0
2024-12-31 03:31:00,0.1985,0.1996,0.1985,0.1993,22642.0
2024-12-31 03:32:00,0.1998,0.1999,0.1996,0.1999,15462.0
2024-12-31 03:33:00,0.1995,0.1996,0.1993,0.1995,6806.0
2024-12-31 03:34:00,0.1995,0.1995,0.1983,0.1983,4475.0
2024-12-31 03:35:00,0.1983,0.1986,0.198,0.1981,7217.0
2024-12-31 03:36:00,0.1979,0.1982,0.1978,0.1981,20875.0
2024-12-31 03:37:00,0.1982,0.1986,0.1982,0.1986,2316.0
2024-12-31 03:38:00,0.1988,0.1988,0.1988,0.1988,51.0
2024-12-31 03:39:00,0.1987,0.199,0.1987,0.1988,7275.0
2024-12-31 03:40:00,0.1987,0.1991,0.1987,0.199,1370.0
2024-12-31 03:41:00,0.199,0.199,0.199,0.199,0.0
2024-12-31 03:42:00,0.1989,0.199,0.1987,0.1987,7628.0
2024-12-31 03:43:00,0.1989,0.1992,0.1987,0.1992,3236.0
2024-12-31 03:44:00,0.1986,0.1988,0.1985,0.1987,19023.0
2024-12-31 03:45:00,0.1989,0.199,0.1985,0.1989,13328.0
2024-12-31 03:46:00,0.1987,0.199,0.1986,0.1986,4375.0
2024-12-31 03:47:00,0.1985,0.1985,0.1983,0.1983,13086.0
2024-12-31 03:48:00,0.198,0.198,0.1979,0.1979,2204.0
2024-12-31 03:49:00,0.1983,0.1984,0.198,0.198,5567.0
2024-12-31 03:50:00,0.1982,0.1982,0.1977,0.1977,1683.0
2024-12-31 03:51:00,0.1973,0.1974,0.1969,0.1971,13267.0
2024-12-31 03:52:00,0.1974,0.1974,0.1974,0.1974,385.0
2024-12-31 03:53:00,0.1973,0.1979,0.1973,0.1979,3923.0
2024-12-31 03:54:00,0.1977,0.1979,0.1977,0.1977,15286.0
2024-12-31 03:55:00,0.1977,0.1979,0.1977,0.1978,2249.0
2024-12-31 03:56:00,0.1981,0.1981,0.1977,0.1977,1500.0
2024-12-31 03:57:00,0.1977,0.1979,0.1975,0.1975,3540.0
2024-12-31 03:58:00,0.1978,0.1978,0.1978,0.1978,1470.0
2024-12-31 03:59:00,0.1977,0.1977,0.1973,0.1973,4177.0
2024-12-31 04:00:00,0.1973,0.1975,0.1973,0.1973,1879.0
2024-12-31 04:01:00,0.1971,0.1973,0.1971,0.1973,724.0
2024-12-31 04:02:00,0.1972,0.1973,0.1971,0.1971,8907.0
2024-12-31 04:03:00,0.1971,0.1971,0.1971,0.1971,0.0
2024-12-31 04:04:00,0.1967,0.1968,0.1966,0.1968,1430.0
2024-12-31 04:05:00,0.1967,0.1969,0.1967,0.1969,6383.0
2024-12-31 04:06:00,0.1968,0.1968,0.1968,0.1968,59.0
2024-12-31 04:07:00,0.1968,0.1971,0.1968,0.1968,2630.0
2024-12-31 04:08:00,0.1968,0.1968,0.1968,0.1968,11291.0
2024-12-31 04:09:00,0.1968,0.1971,0.1968,0.1971,3781.0
2024-12-31 04:10:00,0.1976,0.1976,0.1976,0.1976,383.0
2024-12-31 04:11:00,0.1976,0.1977,0.1976,0.1977,2537.0
2024-12-31 04:12:00,0.1977,0.1978,0.1975,0.1975,1327.0
2024-12-31 04:13:00,0.1975,0.1975,0.1975,0.1975,0.0
2024-12-31 04:14:00,0.1977,0.1977,0.1977,0.1977,1702.0
2024-12-31 04:15:00,0.1976,0.1976,0.1974,0.1975,4415.0
2024-12-31 04:16:00,0.1975,0.1977,0.1973,0.1977,11692.0
2024-12-31 04:17:00,0.1977,0.1981,0.1977,0.1981,2643.0
2024-12-31 04:18:00,0.1985,0.1987,0.1983,0.1985,101378.0
2024-12-31 04:19:00,0.1985,0.1985,0.1982,0.1982,35594.0
2024-12-31 04:20:00,0.1982,0.1982,0.1981,0.1982,3344.0
2024-12-31 04:21:00,0.1982,0.1982,0.1982,0.1982,30.0
2024-12-31 04:22:00,0.1982,0.1982,0.1981,0.1982,6778.0
2024-12-31 04:23:00,0.1982,0.1982,0.1982,0.1982,0.0
2024-12-31 04:24:00,0.1982,0.1982,0.1982,0.1982,0.0
2024-12-31 04:25:00,0.1981,0.1988,0.1981,0.1988,5516.0
2024-12-31 04:26:00,0.1989,0.199,0.1989,0.199,3158.0
2024-12-31 04:27:00,0.199,0.199,0.1988,0.1988,6329.0
2024-12-31 04:28:00,0.1988,0.1988,0.1987,0.1987,2340.0
2024-12-31 04:29:00,0.1984,0.1984,0.1982,0.1983,6018.0
2024-12-31 04:30:00,0.1984,0.1984,0.198,0.1982,13710.0
2024-12-31 04:31:00,0.1984,0.1989,0.1984,0.1989,23383.0
2024-12-31 04:32:00,0.1991,0.1991,0.1988,0.1988,4217.0
2024-12-31 04:33:00,0.1985,0.1986,0.1985,0.1986,2017.0
2024-12-31 04:34:00,0.1984,0.1988,0.1984,0.1988,5514.0
2024-12-31 04:35:00,0.1988,0.1991,0.1988,0.1989,8032.0
2024-12-31 04:36:00,0.1989,0.1991,0.1988,0.1989,27977.0
2024-12-31 04:37:00,0.1992,0.1994,0.1991,0.1993,15228.0
2024-12-31 04:38:00,0.1993,0.1993,0.1993,0.1993,0.0
2024-12-31 04:39:00,0.1995,0.1995,0.1992,0.1992,127.0
2024-12-31 04:40:00,0.1993,0.1994,0.1993,0.1994,109.0
2024-12-31 04:41:00,0.1992,0.1994,0.1992,0.1994,8097.0
2024-12-31 04:42:00,0.1994,0.1996,0.1994,0.1996,1497.0
2024-12-31 04:43:00,0.1996,0.1996,0.1996,0.1996,6478.0
2024-12-31 04:44:00,0.1998,0.1999,0.1997,0.1997,2161.0
2024-12-31 04:45:00,0.1997,0.1998,0.1996,0.1998,5830.0
2024-12-31 04:46:00,0.1993,0.1994,0.1991,0.1991,1907.0
2024-12-31 04:47:00,0.1992,0.1992,0.199,0.199,1120.0
2024-12-31 04:48:00,0.199,0.199,0.199,0.199,251.0
2024-12-31 04:49:00,0.199,0.199,0.1987,0.1988,299.0
2024-12-31 04:50:00,0.1988,0.1989,0.1985,0.1985,6059.0
2024-12-31 04:51:00,0.1984,0.1985,0.1984,0.1985,4375.0
2024-12-31 04:52:00,0.1986,0.1987,0.1986,0.1987,909.0
2024-12-31 04:53:00,0.1987,0.1987,0.1987,0.1987,722.0
2024-12-31 04:54:00,0.1987,0.1988,0.1987,0.1988,1488.0
2024-12-31 04:55:00,0.1989,0.199,0.1989,0.1989,2958.0
2024-12-31 04:56:00,0.199,0.199,0.1988,0.1988,142.0
2024-12-31 04:57:00,0.199,0.199,0.1989,0.1989,4878.0
2024-12-31 04:58:00,0.1989,0.1989,0.1989,0.1989,1905.0
2024-12-31 04:59:00,0.199,0.199,0.1987,0.1988,64525.0
2024-12-31 05:00:00,0.1987,0.1988,0.1987,0.1987,7556.0
2024-12-31 05:01:00,0.1986,0.1987,0.1985,0.1985,9550.0
2024-12-31 05:02:00,0.1984,0.1984,0.1982,0.1982,7120.0
2024-12-31 05:03:00,0.1983,0.1983,0.198,0.1982,6921.0
2024-12-31 05:04:00,0.1981,0.1982,0.1981,0.1981,4712.0
2024-12-31 05:05:00,0.1981,0.1981,0.1979,0.198,13117.0
2024-12-31 05:06:00,0.1979,0.1979,0.1979,0.1979,7648.0
2024-12-31 05:07:00,0.1979,0.198,0.1979,0.198,16655.0
2024-12-31 05:08:00,0.1981,0.1981,0.198,0.198,3011.0
2024-12-31 05:09:00,0.198,0.198,0.198,0.198,0.0
2024-12-31 05:10:00,0.1979,0.1979,0.1979,0.1979,51.0
2024-12-31 05:11:00,0.1978,0.1978,0.1974,0.1977,27955.0
2024-12-31 05:12:00,0.1977,0.1977,0.1977,0.1977,1116.0
2024-12-31 05:13:00,0.1973,0.1973,0.1973,0.1973,3690.0
2024-12-31 05:14:00,0.1972,0.1972,0.1972,0.1972,181.0
2024-12-31 05:15:00,0.1974,0.1974,0.1974,0.1974,2767.0
2024-12-31 05:16:00,0.1974,0.1975,0.1973,0.1975,17618.0
2024-12-31 05:17:00,0.1972,0.1972,0.1971,0.1971,2110.0
2024-12-31 05:18:00,0.1969,0.1969,0.1969,0.1969,1905.0
2024-12-31 05:19:00,0.197,0.197,0.1969,0.1969,172.0
2024-12-31 05:20:00,0.1969,0.1969,0.1969,0.1969,46.0
2024-12-31 05:21:00,0.1971,0.1972,0.197,0.197,3968.0
2024-12-31 05:22:00,0.1972,0.1977,0.1972,0.1975,7959.0
2024-12-31 05:23:00,0.1975,0.1975,0.1974,0.1974,101.0
2024-12-31 05:24:00,0.1974,0.1974,0.1974,0.1974,0.0
2024-12-31 05:25:00,0.198,0.198,0.198,0.198,38.0
2024-12-31 05:26:00,0.1978,0.1978,0.1977,0.1977,1977.0
2024-12-31 05:27:00,0.1976,0.1976,0.1976,0.1976,1143.0
2024-12-31 05:28:00,0.1977,0.1977,0.1976,0.1976,891.0
2024-12-31 05:29:00,0.1976,0.1976,0.1976,0.1976,1845.0
2024-12-31 05:30:00,0.1975,0.1975,0.1974,0.1974,7842.0
2024-12-31 05:31:00,0.1973,0.1974,0.1973,0.1974,103.0
2024-12-31 05:32:00,0.1973,0.1973,0.1973,0.1973,66.0
2024-12-31 05:33:00,0.1977,0.1977,0.1977,0.1977,42.0
2024-12-31 05:34:00,0.1977,0.1977,0.1977,0.1977,947.0
2024-12-31 05:35:00,0.1978,0.198,0.1978,0.198,5256.0
2024-12-31 05:36:00,0.198,0.198,0.198,0.198,0.0
2024-12-31 05:37:00,0.198,0.198,0.198,0.198,640.0
2024-12-31 05:38:00,0.1979,0.1979,0.1979,0.1979,449.0
2024-12-31 05:39:00,0.1979,0.1979,0.1979,0.1979,0.0
2024-12-31 05:40:00,0.198,0.1983,0.198,0.1982,672.0
2024-12-31 05:41:00,0.1983,0.1983,0.1983,0.1983,3746.0
2024-12-31 05:42:00,0.1984,0.1984,0.1984,0.1984,1118.0
2024-12-31 05:43:00,0.1984,0.1984,0.1983,0.1983,1070.0
2024-12-31 05:44:00,0.1984,0.1984,0.1984,0.1984,1099.0
2024-12-31 05:45:00,0.1985,0.1987,0.1985,0.1987,704.0
2024-12-31 05:46:00,0.1987,0.1987,0.1985,0.1985,1795.0
2024-12-31 05:47:00,0.1987,0.1987,0.1987,0.1987,78.0
2024-12-31 05:48:00,0.1986,0.1986,0.1986,0.1986,1845.0
2024-12-31 05:49:00,0.1986,0.1986,0.1986,0.1986,0.0
2024-12-31 05:50:00,0.1984,0.1984,0.1984,0.1984,91.0
2024-12-31 05:51:00,0.1983,0.1983,0.1982,0.1982,4690.0
2024-12-31 05:52:00,0.1983,0.1983,0.1982,0.1982,105.0
2024-12-31 05:53:00,0.1983,0.1983,0.1982,0.1982,943.0
2024-12-31 05:54:00,0.1984,0.1984,0.1982,0.1982,3791.0
2024-12-31 05:55:00,0.1982,0.1982,0.1982,0.1982,0.0
2024-12-31 05:56:00,0.198,0.198,0.198,0.198,1227.0
2024-12-31 05:57:00,0.1978,0.1978,0.1978,0.1978,1845.0
2024-12-31 05:58:00,0.1978,0.1978,0.1978,0.1978,0.0
2024-12-31 05:59:00,0.1977,0.1977,0.1977,0.1977,396.0
2024-12-31 06:00:00,0.198,0.1981,0.198,0.1981,980.0
2024-12-31 06:01:00,0.1981,0.1981,0.1979,0.1979,1070.0
2024-12-31 06:02:00,0.1978,0.1978,0.1978,0.1978,101.0
2024-12-31 06:03:00,0.1977,0.198,0.1977,0.1979,1052.0
2024-12-31 06:04:00,0.1978,0.1979,0.1978,0.1979,2845.0
2024-12-31 06:05:00,0.1978,0.198,0.1978,0.198,384.0
2024-12-31 06:06:00,0.198,0.198,0.198,0.198,171.0
2024-12-31 06:07:00,0.1982,0.1982,0.1981,0.1981,1764.0
2024-12-31 06:08:00,0.198,0.198,0.198,0.198,50.0
2024-12-31 06:09:00,0.198,0.198,0.198,0.198,587.0
2024-12-31 06:10:00,0.1979,0.198,0.1979,0.198,174.0
2024-12-31 06:11:00,0.1981,0.1981,0.198,0.198,4365.0
2024-12-31 06:12:00,0.1979,0.1979,0.1979,0.1979,175.0
2024-12-31 06:13:00,0.1977,0.1977,0.1977,0.1977,96.0
2024-12-31 06:14:00,0.1976,0.1976,0.1976,0.1976,42.0
2024-12-31 06:15:00,0.1976,0.1976,0.1976,0.1976,0.0
2024-12-31 06:16:00,0.1976,0.1977,0.1976,0.1977,823.0
2024-12-31 06:17:00,0.1978,0.1978,0.1978,0.1978,722.0
2024-12-31 06:18:00,0.1978,0.1978,0.1978,0.1978,0.0
2024-12-31 06:19:00,0.1979,0.1979,0.1979,0.1979,183.0
2024-12-31 06:20:00,0.1977,0.1977,0.1977,0.1977,168.0
2024-12-31 06:21:00,0.1977,0.1977,0.1977,0.1977,0.0
2024-12-31 06:22:00,0.1979,0.198,0.1979,0.198,4661.0
2024-12-31 06:23:00,0.1978,0.1979,0.1978,0.1978,16611.0
2024-12-31 06:24:00,0.1978,0.1979,0.1978,0.1979,3972.0
2024-12-31 06:25:00,0.1979,0.1979,0.1979,0.1979,0.0
2024-12-31 06:26:00,0.1979,0.1979,0.1979,0.1979,0.0
2024-12-31 06:27:00,0.1979,0.1979,0.1978,0.1979,9927.0
2024-12-31 06:28:00,0.198,0.198,0.198,0.198,555.0
2024-12-31 06:29:00,0.1981,0.1982,0.1981,0.1982,8728.0
2024-12-31 06:30:00,0.1981,0.1985,0.1981,0.1985,17095.0
2024-12-31 06:31:00,0.1986,0.1986,0.1986,0.1986,243.0
2024-12-31 06:32:00,0.1984,0.1984,0.1984,0.1984,504.0
2024-12-31 06:33:00,0.1982,0.1982,0.1982,0.1982,453.0
2024-12-31 06:34:00,0.1982,0.1982,0.1982,0.1982,0.0
2024-12-31 06:35:00,0.1982,0.1982,0.1982,0.1982,0.0
2024-12-31 06:36:00,0.1981,0.1981,0.1981,0.1981,30.0
2024-12-31 06:37:00,0.1981,0.1981,0.1981,0.1981,0.0
2024-12-31 06:38:00,0.198,0.198,0.198,0.198,158.0
2024-12-31 06:39:00,0.198,0.198,0.198,0.198,0.0
2024-12-31 06:40:00,0.1983,0.1983,0.1983,0.1983,87.0
2024-12-31 06:41:00,0.1983,0.1983,0.1983,0.1983,30.0
2024-12-31 06:42:00,0.1986,0.1986,0.1986,0.1986,53.0
2024-12-31 06:43:00,0.1986,0.1986,0.1986,0.1986,0.0
2024-12-31 06:44:00,0.1986,0.1986,0.1986,0.1986,0.0
2024-12-31 06:45:00,0.1985,0.1985,0.1984,0.1984,1133.0
2024-12-31 06:46:00,0.1983,0.1983,0.1983,0.1983,1101.0
2024-12-31 06:47:00,0.1983,0.1983,0.1983,0.1983,0.0
2024-12-31 06:48:00,0.1981,0.1981,0.1981,0.1981,101.0
2024-12-31 06:49:00,0.1982,0.1983,0.1982,0.1983,3023.0
2024-12-31 06:50:00,0.1982,0.1982,0.1982,0.1982,51.0
2024-12-31 06:51:00,0.1979,0.1979,0.1979,0.1979,33.0
2024-12-31 06:52:00,0.1979,0.1979,0.1979,0.1979,0.0
2024-12-31 06:53:00,0.1979,0.1979,0.1979,0.1979,0.0
2024-12-31 06:54:00,0.1979,0.1979,0.1979,0.1979,51.0
2024-12-31 06:55:00,0.198,0.198,0.198,0.198,246.0
2024-12-31 06:56:00,0.1979,0.1979,0.1979,0.1979,692.0
2024-12-31 06:57:00,0.198,0.198,0.198,0.198,3743.0
2024-12-31 06:58:00,0.1981,0.1981,0.1981,0.1981,1138.0
2024-12-31 06:59:00,0.1981,0.1981,0.1979,0.1979,11600.0
2024-12-31 07:00:00,0.1981,0.1982,0.1979,0.1981,3976.0
2024-12-31 07:01:00,0.1982,0.1985,0.1982,0.1985,5155.0
2024-12-31 07:02:00,0.1984,0.1984,0.1984,0.1984,279.0
2024-12-31 07:03:00,0.1987,0.1987,0.1986,0.1986,4587.0
2024-12-31 07:04:00,0.1986,0.1986,0.1986,0.1986,0.0
2024-12-31 07:05:00,0.1988,0.1988,0.1987,0.1987,1035.0
2024-12-31 07:06:00,0.1988,0.1989,0.1987,0.1989,3892.0
2024-12-31 07:07:00,0.1987,0.1987,0.1987,0.1987,251.0
2024-12-31 07:08:00,0.199,0.199,0.199,0.199,154.0
2024-12-31 07:09:00,0.1991,0.1991,0.1991,0.1991,89.0
2024-12-31 07:10:00,0.1991,0.1991,0.199,0.199,756.0
2024-12-31 07:11:00,0.1991,0.1992,0.199,0.1992,3422.0
2024-12-31 07:12:00,0.199,0.199,0.1987,0.1987,12099.0
2024-12-31 07:13:00,0.1987,0.1987,0.1987,0.1987,0.0
2024-12-31 07:14:00,0.1985,0.1985,0.1985,0.1985,472.0
2024-12-31 07:15:00,0.1985,0.1985,0.1985,0.1985,0.0
2024-12-31 07:16:00,0.1989,0.1989,0.1989,0.1989,2188.0
2024-12-31 07:17:00,0.1987,0.1987,0.1987,0.1987,2112.0
2024-12-31 07:18:00,0.199,0.199,0.1988,0.1988,111.0
2024-12-31 07:19:00,0.1989,0.1989,0.1988,0.1989,14031.0
2024-12-31 07:20:00,0.199,0.199,0.199,0.199,1845.0
2024-12-31 07:21:00,0.1989,0.1989,0.1988,0.1988,372.0
2024-12-31 07:22:00,0.1989,0.1989,0.1989,0.1989,49.0
2024-12-31 07:23:00,0.1991,0.1992,0.1991,0.1992,575.0
2024-12-31 07:24:00,0.1994,0.1996,0.1994,0.1996,7383.0
2024-12-31 07:25:00,0.1996,0.1996,0.1996,0.1996,181.0
2024-12-31 07:26:00,0.1995,0.1997,0.1995,0.1997,16529.0
2024-12-31 07:27:00,0.1997,0.1999,0.1997,0.1999,12084.0
2024-12-31 07:28:00,0.1999,0.1999,0.1997,0.1997,2450.0
2024-12-31 07:29:00,0.1997,0.1997,0.1997,0.1997,210.0
2024-12-31 07:30:00,0.1996,0.1996,0.1996,0.1996,120.0
2024-12-31 07:31:00,0.1997,0.1999,0.1997,0.1999,1987.0
2024-12-31 07:32:00,0.2,0.2,0.1998,0.2,8740.0
2024-12-31 07:33:00,0.2001,0.2002,0.2001,0.2002,13583.0
2024-12-31 07:34:00,0.1998,0.1999,0.1998,0.1999,2670.0
2024-12-31 07:35:00,0.1998,0.1998,0.1994,0.1995,5332.0
2024-12-31 07:36:00,0.1993,0.1993,0.199,0.1993,3866.0
2024-12-31 07:37:00,0.1996,0.1996,0.1995,0.1995,5900.0
2024-12-31 07:38:00,0.1992,0.1992,0.1992,0.1992,8238.0
2024-12-31 07:39:00,0.1992,0.1992,0.1992,0.1992,0.0
2024-12-31 07:40:00,0.1993,0.1993,0.1993,0.1993,285.0
2024-12-31 07:41:00,0.1992,0.1992,0.1991,0.1991,12342.0
2024-12-31 07:42:00,0.1991,0.1991,0.1991,0.1991,191.0
2024-12-31 07:43:00,0.1991,0.1991,0.199,0.199,1298.0
2024-12-31 07:44:00,0.199,0.199,0.199,0.199,0.0
2024-12-31 07:45:00,0.1991,0.1991,0.1991,0.1991,4821.0
2024-12-31 07:46:00,0.199,0.199,0.199,0.199,229.0
2024-12-31 07:47:00,0.1991,0.1991,0.199,0.199,1873.0
2024-12-31 07:48:00,0.199,0.199,0.199,0.199,3562.0
2024-12-31 07:49:00,0.199,0.199,0.1988,0.1988,4650.0
2024-12-31 07:50:00,0.1987,0.1987,0.1987,0.1987,849.0
2024-12-31 07:51:00,0.1987,0.1987,0.1982,0.1982,16875.0
2024-12-31 07:52:00,0.1982,0.1983,0.1982,0.1983,1310.0
2024-12-31 07:53:00,0.1984,0.1984,0.1983,0.1983,3810.0
2024-12-31 07:54:00,0.1983,0.1983,0.1982,0.1983,889.0
2024-12-31 07:55:00,0.1981,0.1981,0.1981,0.1981,1185.0
2024-12-31 07:56:00,0.1979,0.1981,0.1979,0.1981,6388.0
2024-12-31 07:57:00,0.1982,0.1982,0.198,0.198,1181.0
2024-12-31 07:58:00,0.198,0.198,0.198,0.198,0.0
2024-12-31 07:59:00,0.198,0.198,0.198,0.198,0.0
2024-12-31 08:00:00,0.1978,0.1978,0.1977,0.1977,1029.0
2024-12-31 08:01:00,0.1978,0.1978,0.1976,0.1976,12517.0
2024-12-31 08:02:00,0.1978,0.1979,0.1978,0.1979,4518.0
2024-12-31 08:03:00,0.1982,0.1982,0.1982,0.1982,80.0
2024-12-31 08:04:00,0.198,0.198,0.198,0.198,1487.0
2024-12-31 08:05:00,0.1979,0.1983,0.1979,0.1981,20353.0
2024-12-31 08:06:00,0.1983,0.1983,0.1982,0.1982,6132.0
2024-12-31 08:07:00,0.1981,0.1982,0.1981,0.1982,329.0
2024-12-31 08:08:00,0.1986,0.1987,0.1986,0.1987,2023.0
2024-12-31 08:09:00,0.1987,0.1987,0.1987,0.1987,1962.0
2024-12-31 08:10:00,0.1988,0.1988,0.1987,0.1987,1026.0
2024-12-31 08:11:00,0.1989,0.1989,0.1989,0.1989,111.0
2024-12-31 08:12:00,0.199,0.199,0.1989,0.1989,4673.0
2024-12-31 08:13:00,0.1991,0.1991,0.1991,0.1991,236.0
2024-12-31 08:14:00,0.1993,0.1993,0.1993,0.1993,1577.0
2024-12-31 08:15:00,0.1994,0.2001,0.1994,0.2,14869.0
2024-12-31 08:16:00,0.1998,0.2001,0.1998,0.2001,1901.0
2024-12-31 08:17:00,0.2002,0.2006,0.2002,0.2004,3105.0
2024-12-31 08:18:00,0.2005,0.2006,0.2003,0.2003,5875.0
2024-12-31 08:19:00,0.2006,0.2007,0.2006,0.2007,6254.0
2024-12-31 08:20:00,0.2007,0.2007,0.2005,0.2006,2496.0
2024-12-31 08:21:00,0.2006,0.2006,0.2005,0.2005,170.0
2024-12-31 08:22:00,0.2005,0.2005,0.2,0.2,21566.0
2024-12-31 08:23:00,0.2002,0.2002,0.2002,0.2002,3690.0
2024-12-31 08:24:00,0.2004,0.2006,0.2004,0.2006,13063.0
2024-12-31 08:25:00,0.2007,0.2007,0.2007,0.2007,2237.0
2024-12-31 08:26:00,0.201,0.2011,0.2009,0.2011,17855.0
2024-12-31 08:27:00,0.2011,0.2018,0.2011,0.2017,33957.0
2024-12-31 08:28:00,0.2018,0.2026,0.2018,0.2026,17289.0
2024-12-31 08:29:00,0.2027,0.2028,0.202,0.202,30464.0
2024-12-31 08:30:00,0.202,0.202,0.2015,0.2015,11769.0
2024-12-31 08:31:00,0.2015,0.2015,0.2014,0.2015,1526.0
2024-12-31 08:32:00,0.2019,0.2021,0.2018,0.2018,9060.0
2024-12-31 08:33:00,0.2019,0.202,0.2016,0.2017,8150.0
2024-12-31 08:34:00,0.2017,0.2017,0.2013,0.2013,12603.0
2024-12-31 08:35:00,0.2017,0.202,0.2016,0.2016,21519.0
2024-12-31 08:36:00,0.2018,0.202,0.2018,0.2019,15143.0
2024-12-31 08:37:00,0.202,0.202,0.2015,0.2015,17801.0
2024-12-31 08:38:00,0.2015,0.2016,0.2015,0.2015,9949.0
2024-12-31 08:39:00,0.2015,0.2016,0.2013,0.2013,8723.0
2024-12-31 08:40:00,0.2014,0.2015,0.2011,0.2012,84502.0
2024-12-31 08:41:00,0.2014,0.2014,0.2011,0.2011,6439.0
2024-12-31 08:42:00,0.201,0.201,0.2008,0.2009,8824.0
2024-12-31 08:43:00,0.2008,0.2009,0.2006,0.2009,3261.0
2024-12-31 08:44:00,0.2008,0.2011,0.2007,0.201,16076.0
2024-12-31 08:45:00,0.201,0.201,0.201,0.201,70.0
2024-12-31 08:46:00,0.201,0.2013,0.2009,0.2013,20096.0
2024-12-31 08:47:00,0.2014,0.202,0.2014,0.202,9294.0
2024-12-31 08:48:00,0.202,0.2023,0.202,0.2023,12026.0
2024-12-31 08:49:00,0.2024,0.2027,0.2024,0.2027,13550.0
2024-12-31 08:50:00,0.2027,0.2027,0.2024,0.2025,100.0
2024-12-31 08:51:00,0.2023,0.2025,0.2023,0.2023,1242.0
2024-12-31 08:52:00,0.2025,0.2026,0.2024,0.2025,11909.0
2024-12-31 08:53:00,0.2022,0.2022,0.2022,0.2022,1906.0
2024-12-31 08:54:00,0.2024,0.2026,0.2024,0.2026,3529.0
2024-12-31 08:55:00,0.2024,0.2024,0.202,0.202,13566.0
2024-12-31 08:56:00,0.2019,0.2019,0.2014,0.2016,13154.0
2024-12-31 08:57:00,0.2014,0.2019,0.2013,0.2019,14362.0
2024-12-31 08:58:00,0.2019,0.202,0.2017,0.2017,7823.0
2024-12-31 08:59:00,0.2016,0.2017,0.2016,0.2016,106.0
2024-12-31 09:00:00,0.2017,0.2017,0.2015,0.2015,31680.0
2024-12-31 09:01:00,0.2017,0.2017,0.2014,0.2015,8949.0
2024-12-31 09:02:00,0.2015,0.2018,0.2015,0.2017,231.0
2024-12-31 09:03:00,0.2016,0.2016,0.2015,0.2015,4690.0
2024-12-31 09:04:00,0.2015,0.2015,0.2015,0.2015,7821.0
2024-12-31 09:05:00,0.2019,0.2024,0.2018,0.2024,7004.0
2024-12-31 09:06:00,0.2024,0.2024,0.2024,0.2024,0.0
2024-12-31 09:07:00,0.2025,0.2025,0.2024,0.2024,3471.0
2024-12-31 09:08:00,0.2024,0.2024,0.2024,0.2024,247.0
2024-12-31 09:09:00,0.2021,0.2023,0.2021,0.2023,1769.0
2024-12-31 09:10:00,0.202,0.202,0.2019,0.202,5384.0
2024-12-31 09:11:00,0.202,0.202,0.2017,0.2017,6191.0
2024-12-31 09:12:00,0.2019,0.2022,0.2019,0.2021,1872.0
2024-12-31 09:13:00,0.2023,0.2024,0.2023,0.2024,381.0
2024-12-31 09:14:00,0.2022,0.2023,0.2022,0.2023,4762.0
2024-12-31 09:15:00,0.2023,0.2023,0.2023,0.2023,173.0
2024-12-31 09:16:00,0.2022,0.2023,0.2022,0.2022,5229.0
2024-12-31 09:17:00,0.2022,0.2022,0.2019,0.2021,3860.0
2024-12-31 09:18:00,0.2022,0.2022,0.2021,0.2021,3760.0
2024-12-31 09:19:00,0.202,0.202,0.2019,0.202,8279.0
2024-12-31 09:20:00,0.2023,0.2023,0.2023,0.2023,13446.0
2024-12-31 09:21:00,0.2024,0.2025,0.2022,0.2023,30434.0
2024-12-31 09:22:00,0.2022,0.2022,0.2021,0.2021,4055.0
2024-12-31 09:23:00,0.2018,0.2019,0.2016,0.2017,15139.0
2024-12-31 09:24:00,0.2018,0.2023,0.2018,0.2021,11251.0
2024-12-31 09:25:00,0.2019,0.2022,0.2019,0.202,26594.0
2024-12-31 09:26:00,0.202,0.202,0.2018,0.2019,8959.0
2024-12-31 09:27:00,0.2018,0.2018,0.2018,0.2018,35.0
2024-12-31 09:28:00,0.2018,0.202,0.2018,0.2018,27564.0
2024-12-31 09:29:00,0.2017,0.202,0.2017,0.202,1472.0
2024-12-31 09:30:00,0.202,0.202,0.2018,0.2018,4491.0
2024-12-31 09:31:00,0.202,0.202,0.202,0.202,35.0
2024-12-31 09:32:00,0.2018,0.2018,0.2017,0.2017,2230.0
2024-12-31 09:33:00,0.2019,0.2024,0.2019,0.2024,3878.0
2024-12-31 09:34:00,0.2027,0.2027,0.202,0.202,18006.0
2024-12-31 09:35:00,0.2021,0.2021,0.2012,0.2012,699.0
2024-12-31 09:36:00,0.2015,0.2015,0.2004,0.2007,100400.0
2024-12-31 09:37:00,0.2009,0.2012,0.2006,0.2006,73008.0
2024-12-31 09:38:00,0.2007,0.2007,0.2004,0.2005,28537.0
2024-12-31 09:39:00,0.2005,0.2005,0.2005,0.2005,3730.0
2024-12-31 09:40:00,0.2006,0.2008,0.2005,0.2005,36299.0
2024-12-31 09:41:00,0.2009,0.201,0.2007,0.201,5338.0
2024-12-31 09:42:00,0.2006,0.2008,0.2006,0.2008,6415.0
2024-12-31 09:43:00,0.2009,0.2012,0.2009,0.2012,6273.0
2024-12-31 09:44:00,0.2009,0.2013,0.2009,0.2011,7073.0
2024-12-31 09:45:00,0.201,0.201,0.2009,0.2009,3227.0
2024-12-31 09:46:00,0.2009,0.2014,0.2009,0.2014,78449.0
2024-12-31 09:47:00,0.2014,0.2014,0.2014,0.2014,389.0
2024-12-31 09:48:00,0.2013,0.2013,0.2013,0.2013,2980.0
2024-12-31 09:49:00,0.201,0.201,0.201,0.201,447.0
2024-12-31 09:50:00,0.201,0.201,0.2003,0.2004,17010.0
2024-12-31 09:51:00,0.2005,0.2005,0.2003,0.2005,11693.0
2024-12-31 09:52:00,0.2006,0.2006,0.2003,0.2006,23853.0
2024-12-31 09:53:00,0.2003,0.2005,0.2,0.2005,35995.0
2024-12-31 09:54:00,0.2003,0.2003,0.2001,0.2003,6601.0
2024-12-31 09:55:00,0.2004,0.2006,0.2003,0.2003,5589.0
2024-12-31 09:56:00,0.2002,0.2005,0.2002,0.2004,6119.0
2024-12-31 09:57:00,0.2005,0.2006,0.2005,0.2006,8321.0
2024-12-31 09:58:00,0.2006,0.2011,0.2006,0.2011,8310.0
2024-12-31 09:59:00,0.201,0.2011,0.201,0.2011,8184.0
2024-12-31 10:00:00,0.201,0.2012,0.201,0.2012,11932.0
2024-12-31 10:01:00,0.2013,0.2013,0.2013,0.2013,552.0
2024-12-31 10:02:00,0.2013,0.2013,0.2013,0.2013,0.0
2024-12-31 10:03:00,0.2011,0.2011,0.2009,0.201,5588.0
2024-12-31 10:04:00,0.201,0.201,0.2008,0.2008,1043.0
2024-12-31 10:05:00,0.201,0.201,0.201,0.201,3690.0
2024-12-31 10:06:00,0.2007,0.2007,0.2005,0.2005,1038.0
2024-12-31 10:07:00,0.2004,0.2004,0.1997,0.1997,43482.0
2024-12-31 10:08:00,0.1997,0.1997,0.1992,0.1994,5537.0
2024-12-31 10:09:00,0.1998,0.2001,0.1996,0.1996,18125.0
2024-12-31 10:10:00,0.1996,0.2001,0.1996,0.1999,14481.0
2024-12-31 10:11:00,0.2001,0.2001,0.1998,0.1998,21831.0
2024-12-31 10:12:00,0.1998,0.2,0.1998,0.2,1298.0
2024-12-31 10:13:00,0.2003,0.2004,0.2003,0.2003,3593.0
2024-12-31 10:14:00,0.2003,0.2003,0.2003,0.2003,0.0
2024-12-31 10:15:00,0.2001,0.2001,0.1999,0.1999,328.0
2024-12-31 10:16:00,0.1997,0.2,0.1997,0.2,586.0
2024-12-31 10:17:00,0.1999,0.1999,0.1998,0.1998,2372.0
2024-12-31 10:18:00,0.1998,0.1998,0.1996,0.1996,383.0
2024-12-31 10:19:00,0.1999,0.2001,0.1999,0.2001,2001.0
2024-12-31 10:20:00,0.2001,0.2002,0.2,0.2002,4896.0
2024-12-31 10:21:00,0.1999,0.2,0.1999,0.2,2888.0
2024-12-31 10:22:00,0.1999,0.2,0.1999,0.2,3468.0
2024-12-31 10:23:00,0.2,0.2,0.2,0.2,0.0
2024-12-31 10:24:00,0.2,0.2001,0.2,0.2001,980.0
2024-12-31 10:25:00,0.2001,0.2003,0.2001,0.2001,6128.0
2024-12-31 10:26:00,0.2003,0.2003,0.2003,0.2003,954.0
2024-12-31 10:27:00,0.2006,0.2006,0.2004,0.2004,9507.0
2024-12-31 10:28:00,0.2003,0.2003,0.2001,0.2001,8045.0
2024-12-31 10:29:00,0.2001,0.2001,0.2001,0.2001,1845.0
2024-12-31 10:30:00,0.2001,0.2002,0.2001,0.2001,5620.0
2024-12-31 10:31:00,0.2001,0.2004,0.1999,0.2004,2902.0
2024-12-31 10:32:00,0.2003,0.2005,0.2002,0.2005,3340.0
2024-12-31 10:33:00,0.2001,0.2001,0.2001,0.2001,99.0
2024-12-31 10:34:00,0.2001,0.2001,0.2001,0.2001,1203.0
2024-12-31 10:35:00,0.2001,0.2002,0.2,0.2001,11638.0
2024-12-31 10:36:00,0.2001,0.2001,0.2001,0.2001,0.0
2024-12-31 10:37:00,0.2001,0.2003,0.2001,0.2001,7003.0
2024-12-31 10:38:00,0.2002,0.2004,0.2002,0.2004,2884.0
2024-12-31 10:39:00,0.2005,0.2007,0.2005,0.2007,1804.0
2024-12-31 10:40:00,0.2008,0.2009,0.2006,0.2006,17041.0
2024-12-31 10:41:00,0.2005,0.2005,0.2004,0.2004,2905.0
2024-12-31 10:42:00,0.2004,0.2004,0.2004,0.2004,40.0
2024-12-31 10:43:00,0.2002,0.2003,0.2001,0.2003,4721.0
2024-12-31 10:44:00,0.2003,0.2003,0.2003,0.2003,0.0
2024-12-31 10:45:00,0.2002,0.2003,0.2002,0.2003,287.0
2024-12-31 10:46:00,0.2003,0.2004,0.2001,0.2003,4756.0
2024-12-31 10:47:00,0.2002,0.2002,0.2001,0.2001,5816.0
2024-12-31 10:48:00,0.2002,0.2003,0.2002,0.2003,2241.0
2024-12-31 10:49:00,0.2004,0.2004,0.2001,0.2001,6562.0
2024-12-31 10:50:00,0.2001,0.2001,0.2001,0.2001,1539.0
2024-12-31 10:51:00,0.2001,0.2003,0.2001,0.2003,2287.0
2024-12-31 10:52:00,0.2002,0.2003,0.2002,0.2003,1078.0
2024-12-31 10:53:00,0.2002,0.2003,0.2002,0.2003,1887.0
2024-12-31 10:54:00,0.2004,0.2004,0.2004,0.2004,690.0
2024-12-31 10:55:00,0.2003,0.2003,0.2002,0.2002,2182.0
2024-12-31 10:56:00,0.2003,0.2003,0.2003,0.2003,1250.0
2024-12-31 10:57:00,0.2003,0.2004,0.2003,0.2004,3600.0
2024-12-31 10:58:00,0.2004,0.2004,0.2004,0.2004,2400.0
2024-12-31 10:59:00,0.2001,0.2002,0.2001,0.2002,1868.0
2024-12-31 11:00:00,0.2004,0.2005,0.2004,0.2004,26898.0
2024-12-31 11:01:00,0.2006,0.2006,0.2005,0.2005,3085.0
2024-12-31 11:02:00,0.2002,0.2002,0.2002,0.2002,31.0
2024-12-31 11:03:00,0.2,0.2,0.1998,0.1998,77916.0
2024-12-31 11:04:00,0.1998,0.1998,0.1998,0.1998,7502.0
2024-12-31 11:05:00,0.1997,0.1997,0.1996,0.1996,13604.0
2024-12-31 11:06:00,0.1995,0.1995,0.1994,0.1995,5507.0
2024-12-31 11:07:00,0.1996,0.1996,0.1994,0.1994,13013.0
2024-12-31 11:08:00,0.1996,0.1998,0.1996,0.1998,6111.0
2024-12-31 11:09:00,0.1997,0.1997,0.1997,0.1997,225.0
2024-12-31 11:10:00,0.2,0.2001,0.2,0.2001,2430.0
2024-12-31 11:11:00,0.2003,0.2003,0.2003,0.2003,1628.0
2024-12-31 11:12:00,0.2003,0.2003,0.2003,0.2003,42.0
2024-12-31 11:13:00,0.2004,0.2004,0.2002,0.2002,2170.0
2024-12-31 11:14:00,0.2001,0.2001,0.2001,0.2001,158.0
2024-12-31 11:15:00,0.2006,0.2006,0.2004,0.2004,593.0
2024-12-31 11:16:00,0.2006,0.2007,0.2006,0.2006,10808.0
2024-12-31 11:17:00,0.2006,0.2006,0.2004,0.2006,3642.0
2024-12-31 11:18:00,0.2003,0.2004,0.2003,0.2004,5535.0
2024-12-31 11:19:00,0.2005,0.2006,0.2005,0.2005,6535.0
2024-12-31 11:20:00,0.2003,0.2005,0.2003,0.2005,4108.0
2024-12-31 11:21:00,0.2006,0.2006,0.2006,0.2006,6182.0
2024-12-31 11:22:00,0.2002,0.2002,0.2001,0.2001,4512.0
2024-12-31 11:23:00,0.2001,0.2001,0.2001,0.2001,0.0
2024-12-31 11:24:00,0.2001,0.2001,0.2001,0.2001,0.0
2024-12-31 11:25:00,0.2005,0.2005,0.2003,0.2003,1873.0
2024-12-31 11:26:00,0.2003,0.2003,0.2003,0.2003,0.0
2024-12-31 11:27:00,0.2002,0.2002,0.2,0.2,31739.0
2024-12-31 11:28:00,0.2001,0.2003,0.2001,0.2003,328.0
2024-12-31 11:29:00,0.2003,0.2003,0.2003,0.2003,0.0
2024-12-31 11:30:00,0.2002,0.2002,0.2002,0.2002,3690.0
2024-12-31 11:31:00,0.1998,0.1998,0.1992,0.1992,30790.0
2024-12-31 11:32:00,0.1991,0.1991,0.1985,0.1989,40240.0
2024-12-31 11:33:00,0.1988,0.1988,0.1988,0.1988,50.0
2024-12-31 11:34:00,0.1989,0.1989,0.1989,0.1989,960.0
2024-12-31 11:35:00,0.199,0.199,0.199,0.199,3618.0
2024-12-31 11:36:00,0.199,0.1994,0.199,0.1994,7915.0
2024-12-31 11:37:00,0.1992,0.1992,0.1992,0.1992,1770.0
2024-12-31 11:38:00,0.1993,0.1993,0.1992,0.1992,2921.0
2024-12-31 11:39:00,0.1992,0.1992,0.1992,0.1992,0.0
2024-12-31 11:40:00,0.1996,0.1999,0.1996,0.1999,5267.0
2024-12-31 11:41:00,0.1998,0.1998,0.1996,0.1996,20058.0
2024-12-31 11:42:00,0.1997,0.1997,0.1997,0.1997,7959.0
2024-12-31 11:43:00,0.1999,0.1999,0.1998,0.1998,821.0
2024-12-31 11:44:00,0.2,0.2001,0.2,0.2001,15956.0
2024-12-31 11:45:00,0.2002,0.2004,0.2001,0.2003,7795.0
2024-12-31 11:46:00,0.2005,0.2005,0.2005,0.2005,1091.0
2024-12-31 11:47:00,0.2007,0.2008,0.2007,0.2007,8790.0
2024-12-31 11:48:00,0.2006,0.2006,0.2005,0.2005,422.0
2024-12-31 11:49:00,0.2006,0.2006,0.2006,0.2006,527.0
2024-12-31 11:50:00,0.2006,0.2006,0.2006,0.2006,0.0
2024-12-31 11:51:00,0.2006,0.2006,0.2006,0.2006,0.0
2024-12-31 11:52:00,0.201,0.201,0.2009,0.2009,1011.0
2024-12-31 11:53:00,0.2009,0.2009,0.2009,0.2009,26.0
2024-12-31 11:54:00,0.201,0.2012,0.201,0.2012,12537.0
2024-12-31 11:55:00,0.2008,0.2008,0.2008,0.2008,904.0
2024-12-31 11:56:00,0.2009,0.2009,0.2009,0.2009,199.0
2024-12-31 11:57:00,0.2009,0.2009,0.2009,0.2009,4028.0
2024-12-31 11:58:00,0.2009,0.2009,0.2009,0.2009,0.0
2024-12-31 11:59:00,0.2008,0.2008,0.2008,0.2008,1845.0
2024-12-31 12:00:00,0.2009,0.2009,0.2005,0.2005,465.0
2024-12-31 12:01:00,0.2004,0.2004,0.2004,0.2004,1842.0
2024-12-31 12:02:00,0.2004,0.2004,0.2004,0.2004,0.0
2024-12-31 12:03:00,0.2005,0.2005,0.2005,0.2005,4948.0
2024-12-31 12:04:00,0.2008,0.2008,0.2008,0.2008,82.0
2024-12-31 12:05:00,0.2003,0.2003,0.2002,0.2003,1154.0
2024-12-31 12:06:00,0.2002,0.2003,0.2002,0.2002,2894.0
2024-12-31 12:07:00,0.2,0.2,0.2,0.2,1250.0
2024-12-31 12:08:00,0.2001,0.2002,0.2001,0.2002,3441.0
2024-12-31 12:09:00,0.2002,0.2002,0.2002,0.2002,0.0
2024-12-31 12:10:00,0.2007,0.2008,0.2007,0.2008,245.0
2024-12-31 12:11:00,0.2006,0.2006,0.2006,0.2006,196.0
2024-12-31 12:12:00,0.2005,0.2006,0.2003,0.2003,5558.0
2024-12-31 12:13:00,0.2006,0.2006,0.2006,0.2006,647.0
2024-12-31 12:14:00,0.2005,0.2005,0.2005,0.2005,51.0
2024-12-31 12:15:00,0.2005,0.2005,0.2001,0.2001,2114.0
2024-12-31 12:16:00,0.1999,0.1999,0.1997,0.1997,734.0
2024-12-31 12:17:00,0.2,0.2,0.2,0.2,724.0
2024-12-31 12:18:00,0.1999,0.2,0.1999,0.2,1010.0
2024-12-31 12:19:00,0.2002,0.2002,0.2002,0.2002,1238.0
2024-12-31 12:20:00,0.2001,0.2001,0.2001,0.2001,513.0
2024-12-31 12:21:00,0.2001,0.2001,0.2,0.2,1914.0
2024-12-31 12:22:00,0.1998,0.1998,0.1997,0.1997,3690.0
2024-12-31 12:23:00,0.1996,0.1996,0.1993,0.1993,6730.0
2024-12-31 12:24:00,0.1993,0.1993,0.1993,0.1993,0.0
2024-12-31 12:25:00,0.1993,0.1993,0.1993,0.1993,331.0
2024-12-31 12:26:00,0.1995,0.1995,0.1995,0.1995,994.0
2024-12-31 12:27:00,0.1996,0.1996,0.1996,0.1996,5012.0
2024-12-31 12:28:00,0.1997,0.1997,0.1995,0.1995,5768.0
2024-12-31 12:29:00,0.1993,0.1993,0.1991,0.1991,18368.0
2024-12-31 12:30:00,0.1994,0.1994,0.1989,0.1989,7846.0
2024-12-31 12:31:00,0.199,0.1993,0.1984,0.1985,80136.0
2024-12-31 12:32:00,0.1984,0.1984,0.1975,0.1977,86657.0
2024-12-31 12:33:00,0.1977,0.198,0.1977,0.1978,8174.0
2024-12-31 12:34:00,0.1975,0.1977,0.1974,0.1977,9984.0
2024-12-31 12:35:00,0.1973,0.1973,0.1967,0.1968,312321.0
2024-12-31 12:36:00,0.1967,0.1974,0.1967,0.1968,36133.0
2024-12-31 12:37:00,0.1968,0.1968,0.1957,0.1959,36566.0
2024-12-31 12:38:00,0.196,0.1965,0.1959,0.196,40788.0
2024-12-31 12:39:00,0.1959,0.1959,0.195,0.1958,33404.0
2024-12-31 12:40:00,0.1958,0.1958,0.1954,0.1958,36905.0
2024-12-31 12:41:00,0.1957,0.197,0.1955,0.197,62030.0
2024-12-31 12:42:00,0.1971,0.1973,0.1968,0.1969,197498.0
2024-12-31 12:43:00,0.1969,0.1975,0.1969,0.197,46149.0
2024-12-31 12:44:00,0.197,0.197,0.1967,0.1967,11664.0
2024-12-31 12:45:00,0.1966,0.1967,0.1962,0.1962,24611.0
2024-12-31 12:46:00,0.1961,0.1962,0.1958,0.1958,12720.0
2024-12-31 12:47:00,0.1956,0.1963,0.1955,0.1961,173936.0
2024-12-31 12:48:00,0.1961,0.1962,0.1958,0.1959,28569.0
2024-12-31 12:49:00,0.1955,0.1958,0.1955,0.1958,4318.0
2024-12-31 12:50:00,0.1957,0.1961,0.1957,0.1961,4074.0
2024-12-31 12:51:00,0.1962,0.1966,0.1962,0.1964,12358.0
2024-12-31 12:52:00,0.1962,0.1962,0.1961,0.1962,8437.0
2024-12-31 12:53:00,0.1963,0.1969,0.1963,0.1968,18694.0
2024-12-31 12:54:00,0.1968,0.1969,0.1968,0.1968,2888.0
2024-12-31 12:55:00,0.1969,0.1971,0.1969,0.1969,6202.0
2024-12-31 12:56:00,0.197,0.1972,0.197,0.197,7247.0
2024-12-31 12:57:00,0.197,0.1972,0.197,0.1972,7828.0
2024-12-31 12:58:00,0.1973,0.1976,0.1973,0.1976,11091.0
2024-12-31 12:59:00,0.1972,0.1973,0.1972,0.1973,149.0
2024-12-31 13:00:00,0.1972,0.1974,0.1968,0.1969,2156.0
2024-12-31 13:01:00,0.197,0.1975,0.1968,0.1975,120158.0
2024-12-31 13:02:00,0.1974,0.1976,0.1972,0.1974,39576.0
2024-12-31 13:03:00,0.1974,0.1975,0.1972,0.1972,8563.0
2024-12-31 13:04:00,0.1973,0.1975,0.1973,0.1974,13091.0
2024-12-31 13:05:00,0.1974,0.1974,0.1973,0.1973,2888.0
2024-12-31 13:06:00,0.1974,0.1977,0.1973,0.1974,8395.0
2024-12-31 13:07:00,0.1976,0.1982,0.1976,0.198,7054.0
2024-12-31 13:08:00,0.198,0.198,0.1979,0.198,10431.0
2024-12-31 13:09:00,0.1979,0.198,0.1979,0.198,10381.0
2024-12-31 13:10:00,0.1979,0.1979,0.1979,0.1979,299.0
2024-12-31 13:11:00,0.1982,0.1982,0.1982,0.1982,1150.0
2024-12-31 13:12:00,0.1981,0.1981,0.198,0.198,610.0
2024-12-31 13:13:00,0.1981,0.1981,0.1977,0.1977,1983.0
2024-12-31 13:14:00,0.1979,0.198,0.1979,0.198,3610.0
2024-12-31 13:15:00,0.1976,0.1976,0.1975,0.1975,3000.0
2024-12-31 13:16:00,0.1977,0.1981,0.1977,0.1981,9345.0
2024-12-31 13:17:00,0.198,0.198,0.198,0.198,51.0
2024-12-31 13:18:00,0.1979,0.1979,0.1978,0.1978,2695.0
2024-12-31 13:19:00,0.1977,0.1978,0.1976,0.1978,5050.0
2024-12-31 13:20:00,0.1977,0.1978,0.1977,0.1978,2166.0
2024-12-31 13:21:00,0.1978,0.1978,0.1978,0.1978,0.0
2024-12-31 13:22:00,0.1971,0.1971,0.197,0.1971,8070.0
2024-12-31 13:23:00,0.197,0.197,0.197,0.197,7581.0
2024-12-31 13:24:00,0.1968,0.1968,0.1967,0.1967,3289.0
2024-12-31 13:25:00,0.1967,0.1969,0.1965,0.1969,11770.0
2024-12-31 13:26:00,0.1969,0.1969,0.1968,0.1968,5666.0
2024-12-31 13:27:00,0.1968,0.1968,0.1968,0.1968,0.0
2024-12-31 13:28:00,0.1973,0.1973,0.1973,0.1973,722.0
2024-12-31 13:29:00,0.1971,0.1972,0.1971,0.1972,831.0
2024-12-31 13:30:00,0.1975,0.1975,0.1974,0.1975,2148.0
2024-12-31 13:31:00,0.1979,0.1979,0.1979,0.1979,5912.0
2024-12-31 13:32:00,0.1979,0.1979,0.1979,0.1979,0.0
2024-12-31 13:33:00,0.1978,0.1978,0.1978,0.1978,7315.0
2024-12-31 13:34:00,0.1978,0.1978,0.1976,0.1976,1944.0
2024-12-31 13:35:00,0.1975,0.1975,0.1972,0.1972,5487.0
2024-12-31 13:36:00,0.1975,0.1975,0.1973,0.1973,953.0
2024-12-31 13:37:00,0.1973,0.1973,0.1972,0.1972,1700.0
2024-12-31 13:38:00,0.1971,0.1971,0.1971,0.1971,881.0
2024-12-31 13:39:00,0.1973,0.1973,0.1973,0.1973,3690.0
2024-12-31 13:40:00,0.1975,0.1977,0.1975,0.1976,134.0
2024-12-31 13:41:00,0.1974,0.1974,0.1973,0.1973,177.0
2024-12-31 13:42:00,0.1974,0.1974,0.1973,0.1973,6906.0
2024-12-31 13:43:00,0.1972,0.1972,0.1972,0.1972,168.0
2024-12-31 13:44:00,0.1973,0.1973,0.1973,0.1973,54.0
2024-12-31 13:45:00,0.1974,0.1974,0.1972,0.1972,197.0
2024-12-31 13:46:00,0.1972,0.1972,0.1972,0.1972,0.0
2024-12-31 13:47:00,0.1975,0.1978,0.1975,0.1975,4191.0
2024-12-31 13:48:00,0.1977,0.1977,0.1977,0.1977,51.0
2024-12-31 13:49:00,0.1979,0.1979,0.1979,0.1979,107.0
2024-12-31 13:50:00,0.1979,0.1979,0.1978,0.1978,4739.0
2024-12-31 13:51:00,0.1978,0.1978,0.1978,0.1978,27.0
2024-12-31 13:52:00,0.1977,0.1977,0.1975,0.1975,501.0
2024-12-31 13:53:00,0.1974,0.1974,0.1974,0.1974,384.0
2024-12-31 13:54:00,0.1974,0.1974,0.1974,0.1974,789.0
2024-12-31 13:55:00,0.1975,0.1975,0.1972,0.1973,6034.0
2024-12-31 13:56:00,0.1973,0.1974,0.1973,0.1974,1708.0
2024-12-31 13:57:00,0.1974,0.1974,0.1972,0.1973,9792.0
2024-12-31 13:58:00,0.1973,0.1974,0.1973,0.1974,2375.0
2024-12-31 13:59:00,0.1974,0.1974,0.1974,0.1974,0.0
2024-12-31 14:00:00,0.1973,0.1975,0.1972,0.1975,11006.0
2024-12-31 14:01:00,0.1975,0.1975,0.1972,0.1974,2413.0
2024-12-31 14:02:00,0.1974,0.1974,0.1969,0.1969,7941.0
2024-12-31 14:03:00,0.1967,0.1969,0.1967,0.1969,11807.0
2024-12-31 14:04:00,0.197,0.1971,0.197,0.1971,2400.0
2024-12-31 14:05:00,0.1967,0.1971,0.1967,0.1971,18713.0
2024-12-31 14:06:00,0.1969,0.1971,0.1968,0.1971,14457.0
2024-12-31 14:07:00,0.197,0.197,0.1969,0.1969,146.0
2024-12-31 14:08:00,0.197,0.197,0.197,0.197,3944.0
2024-12-31 14:09:00,0.197,0.197,0.197,0.197,500.0
2024-12-31 14:10:00,0.1971,0.1974,0.1971,0.1974,10128.0
2024-12-31 14:11:00,0.1974,0.1974,0.1972,0.1973,6971.0
2024-12-31 14:12:00,0.1974,0.1974,0.1971,0.1972,1933.0
2024-12-31 14:13:00,0.1972,0.1972,0.1972,0.1972,4988.0
2024-12-31 14:14:00,0.197,0.197,0.197,0.197,4235.0
2024-12-31 14:15:00,0.1969,0.1969,0.1967,0.1967,12745.0
2024-12-31 14:16:00,0.1965,0.1967,0.1965,0.1967,5245.0
2024-12-31 14:17:00,0.1968,0.1968,0.1968,0.1968,2515.0
2024-12-31 14:18:00,0.1968,0.1968,0.1968,0.1968,0.0
2024-12-31 14:19:00,0.1966,0.1966,0.1966,0.1966,1137.0
2024-12-31 14:20:00,0.1968,0.1968,0.1965,0.1965,4781.0
2024-12-31 14:21:00,0.1967,0.1967,0.1967,0.1967,16136.0
2024-12-31 14:22:00,0.1968,0.1968,0.1968,0.1968,722.0
2024-12-31 14:23:00,0.1968,0.1968,0.1967,0.1967,2674.0
2024-12-31 14:24:00,0.1966,0.1966,0.1965,0.1965,14393.0
2024-12-31 14:25:00,0.1966,0.1967,0.1966,0.1967,6480.0
2024-12-31 14:26:00,0.1967,0.1967,0.1966,0.1966,5647.0
2024-12-31 14:27:00,0.1965,0.1965,0.1965,0.1965,458.0
2024-12-31 14:28:00,0.1965,0.1965,0.1965,0.1965,0.0
2024-12-31 14:29:00,0.1965,0.1965,0.1965,0.1965,0.0
2024-12-31 14:30:00,0.1966,0.1969,0.1966,0.1968,3041.0
2024-12-31 14:31:00,0.1968,0.1968,0.1968,0.1968,2034.0
2024-12-31 14:32:00,0.1968,0.1968,0.1968,0.1968,3690.0
2024-12-31 14:33:00,0.1966,0.1966,0.1966,0.1966,1526.0
2024-12-31 14:34:00,0.1965,0.1966,0.1965,0.1966,18647.0
2024-12-31 14:35:00,0.1968,0.1969,0.1967,0.1967,5923.0
2024-12-31 14:36:00,0.1962,0.1962,0.1962,0.1962,76.0
2024-12-31 14:37:00,0.1962,0.1962,0.1962,0.1962,0.0
2024-12-31 14:38:00,0.1963,0.1964,0.1963,0.1964,19785.0
2024-12-31 14:39:00,0.1964,0.1964,0.1964,0.1964,0.0
2024-12-31 14:40:00,0.1964,0.1964,0.1964,0.1964,0.0
2024-12-31 14:41:00,0.1966,0.1966,0.1964,0.1964,3445.0
2024-12-31 14:42:00,0.1964,0.1964,0.1964,0.1964,0.0
2024-12-31 14:43:00,0.1961,0.1961,0.196,0.196,7729.0
2024-12-31 14:44:00,0.196,0.196,0.196,0.196,0.0
2024-12-31 14:45:00,0.1965,0.1965,0.1965,0.1965,143.0
2024-12-31 14:46:00,0.1966,0.1966,0.1966,0.1966,254.0
2024-12-31 14:47:00,0.1966,0.1966,0.1966,0.1966,0.0
2024-12-31 14:48:00,0.1967,0.1969,0.1967,0.1968,386.0
2024-12-31 14:49:00,0.1968,0.1968,0.1968,0.1968,0.0
2024-12-31 14:50:00,0.1971,0.1971,0.1971,0.1971,1892.0
2024-12-31 14:51:00,0.197,0.197,0.197,0.197,3914.0
2024-12-31 14:52:00,0.1971,0.1971,0.1971,0.1971,4000.0
2024-12-31 14:53:00,0.1969,0.1969,0.1969,0.1969,66.0
2024-12-31 14:54:00,0.1968,0.1969,0.1968,0.1969,3722.0
2024-12-31 14:55:00,0.1967,0.1967,0.1967,0.1967,2219.0
2024-12-31 14:56:00,0.1967,0.1967,0.1967,0.1967,722.0
2024-12-31 14:57:00,0.1967,0.1967,0.1967,0.1967,0.0
2024-12-31 14:58:00,0.1968,0.1968,0.1967,0.1967,3322.0
2024-12-31 14:59:00,0.1967,0.1967,0.1967,0.1967,255.0
2024-12-31 15:00:00,0.1966,0.1972,0.1966,0.1971,27661.0
2024-12-31 15:01:00,0.1968,0.1969,0.1968,0.1969,5983.0
2024-12-31 15:02:00,0.1969,0.1969,0.1969,0.1969,0.0
2024-12-31 15:03:00,0.1971,0.1973,0.1971,0.1973,3963.0
2024-12-31 15:04:00,0.1973,0.1973,0.1973,0.1973,0.0
2024-12-31 15:05:00,0.1973,0.1973,0.1972,0.1972,253.0
2024-12-31 15:06:00,0.1972,0.1972,0.1972,0.1972,0.0
2024-12-31 15:07:00,0.1975,0.1975,0.1975,0.1975,51.0
2024-12-31 15:08:00,0.1976,0.1976,0.1976,0.1976,126.0
2024-12-31 15:09:00,0.1976,0.1977,0.1976,0.1976,2696.0
2024-12-31 15:10:00,0.1975,0.1975,0.1972,0.1972,16230.0
2024-12-31 15:11:00,0.1971,0.1971,0.1968,0.1969,10988.0
2024-12-31 15:12:00,0.197,0.197,0.1968,0.1968,3114.0
2024-12-31 15:13:00,0.1968,0.1968,0.1968,0.1968,0.0
2024-12-31 15:14:00,0.1964,0.1964,0.1964,0.1964,722.0
2024-12-31 15:15:00,0.1964,0.1964,0.1963,0.1964,2166.0
2024-12-31 15:16:00,0.1965,0.1966,0.1964,0.1966,2365.0
2024-12-31 15:17:00,0.1967,0.1968,0.1967,0.1968,1444.0
2024-12-31 15:18:00,0.1966,0.1966,0.1966,0.1966,722.0
2024-12-31 15:19:00,0.1966,0.1966,0.1966,0.1966,184.0
2024-12-31 15:20:00,0.1967,0.1967,0.1967,0.1967,54.0
2024-12-31 15:21:00,0.1967,0.1967,0.1967,0.1967,0.0
2024-12-31 15:22:00,0.1967,0.1967,0.1967,0.1967,1319.0
2024-12-31 15:23:00,0.1967,0.1967,0.1967,0.1967,915.0
2024-12-31 15:24:00,0.1967,0.1967,0.1967,0.1967,0.0
2024-12-31 15:25:00,0.1967,0.1967,0.1967,0.1967,0.0
2024-12-31 15:26:00,0.1968,0.1969,0.1968,0.1968,1920.0
2024-12-31 15:27:00,0.1967,0.1967,0.1966,0.1966,5687.0
2024-12-31 15:28:00,0.1966,0.1966,0.1966,0.1966,2917.0
2024-12-31 15:29:00,0.1966,0.1966,0.1966,0.1966,0.0
2024-12-31 15:30:00,0.1967,0.1967,0.1966,0.1966,2725.0
2024-12-31 15:31:00,0.1964,0.1964,0.1964,0.1964,249.0
2024-12-31 15:32:00,0.1961,0.1961,0.1961,0.1961,60.0
2024-12-31 15:33:00,0.1961,0.1961,0.1961,0.1961,0.0
2024-12-31 15:34:00,0.1961,0.1961,0.1961,0.1961,0.0
2024-12-31 15:35:00,0.1961,0.1961,0.1961,0.1961,10056.0
2024-12-31 15:36:00,0.1961,0.1961,0.1961,0.1961,0.0
2024-12-31 15:37:00,0.1958,0.1958,0.1958,0.1958,155.0
2024-12-31 15:38:00,0.1959,0.196,0.1959,0.1959,18113.0
2024-12-31 15:39:00,0.1961,0.1961,0.1961,0.1961,5149.0
2024-12-31 15:40:00,0.1961,0.1961,0.1961,0.1961,0.0
2024-12-31 15:41:00,0.196,0.196,0.196,0.196,1179.0
2024-12-31 15:42:00,0.1959,0.1959,0.1959,0.1959,111.0
2024-12-31 15:43:00,0.1959,0.1959,0.1959,0.1959,0.0
2024-12-31 15:44:00,0.1959,0.1959,0.1959,0.1959,0.0
2024-12-31 15:45:00,0.1956,0.1957,0.1956,0.1957,3024.0
2024-12-31 15:46:00,0.1956,0.1958,0.1956,0.1958,111.0
2024-12-31 15:47:00,0.196,0.196,0.196,0.196,26.0
2024-12-31 15:48:00,0.196,0.196,0.196,0.196,31.0
2024-12-31 15:49:00,0.196,0.1962,0.196,0.1962,2404.0
2024-12-31 15:50:00,0.1964,0.1964,0.1964,0.1964,1912.0
2024-12-31 15:51:00,0.1964,0.1965,0.1964,0.1965,3779.0
2024-12-31 15:52:00,0.1965,0.1965,0.1965,0.1965,0.0
2024-12-31 15:53:00,0.1965,0.1966,0.1965,0.1966,4768.0
2024-12-31 15:54:00,0.1965,0.1965,0.1963,0.1963,703.0
2024-12-31 15:55:00,0.1961,0.1961,0.1961,0.1961,69.0
2024-12-31 15:56:00,0.1962,0.1962,0.1958,0.1958,19624.0
2024-12-31 15:57:00,0.1957,0.196,0.1957,0.196,6373.0
2024-12-31 15:58:00,0.196,0.196,0.196,0.196,0.0
2024-12-31 15:59:00,0.1962,0.1967,0.1962,0.1966,24394.0
2024-12-31 16:00:00,0.1966,0.1972,0.1966,0.1972,9313.0
2024-12-31 16:01:00,0.1972,0.1972,0.1972,0.1972,9309.0
2024-12-31 16:02:00,0.1974,0.1974,0.1974,0.1974,763.0
2024-12-31 16:03:00,0.1974,0.1974,0.1974,0.1974,0.0
2024-12-31 16:04:00,0.1972,0.1972,0.1972,0.1972,253.0
2024-12-31 16:05:00,0.1971,0.1971,0.1969,0.1969,23781.0
2024-12-31 16:06:00,0.1969,0.1969,0.1968,0.1968,8729.0
2024-12-31 16:07:00,0.1969,0.1969,0.1969,0.1969,2128.0
2024-12-31 16:08:00,0.1968,0.1968,0.1968,0.1968,51.0
2024-12-31 16:09:00,0.1965,0.1966,0.1964,0.1966,30578.0
2024-12-31 16:10:00,0.1963,0.1963,0.1962,0.1962,11285.0
2024-12-31 16:11:00,0.1962,0.1962,0.1961,0.1961,102.0
2024-12-31 16:12:00,0.1961,0.1961,0.1961,0.1961,0.0
2024-12-31 16:13:00,0.1961,0.1961,0.1961,0.1961,0.0
2024-12-31 16:14:00,0.1964,0.1964,0.1964,0.1964,2930.0
2024-12-31 16:15:00,0.1963,0.1963,0.1961,0.1961,5610.0
2024-12-31 16:16:00,0.1961,0.1961,0.1961,0.1961,0.0
2024-12-31 16:17:00,0.1961,0.1961,0.1961,0.1961,0.0
2024-12-31 16:18:00,0.1962,0.1963,0.1959,0.1961,44615.0
2024-12-31 16:19:00,0.1961,0.1962,0.1961,0.1962,3440.0
2024-12-31 16:20:00,0.1963,0.1963,0.1963,0.1963,1967.0
2024-12-31 16:21:00,0.1964,0.1964,0.1964,0.1964,254.0
2024-12-31 16:22:00,0.1964,0.1966,0.1964,0.1966,2687.0
2024-12-31 16:23:00,0.1965,0.1966,0.1965,0.1965,12342.0
2024-12-31 16:24:00,0.1964,0.1964,0.1964,0.1964,1935.0
2024-12-31 16:25:00,0.1964,0.1964,0.1964,0.1964,0.0
2024-12-31 16:26:00,0.1965,0.1965,0.1964,0.1964,398.0
2024-12-31 16:27:00,0.1962,0.1962,0.196,0.1962,14341.0
2024-12-31 16:28:00,0.1961,0.1961,0.1957,0.196,81119.0
2024-12-31 16:29:00,0.196,0.196,0.196,0.196,722.0
2024-12-31 16:30:00,0.1961,0.1963,0.1961,0.1963,2166.0
2024-12-31 16:31:00,0.1966,0.1966,0.1964,0.1964,232.0
2024-12-31 16:32:00,0.1964,0.1964,0.1963,0.1963,422.0
2024-12-31 16:33:00,0.1963,0.1963,0.1963,0.1963,789.0
2024-12-31 16:34:00,0.1967,0.1967,0.1967,0.1967,220.0
2024-12-31 16:35:00,0.1965,0.1966,0.1965,0.1966,127.0
2024-12-31 16:36:00,0.1966,0.1966,0.1966,0.1966,0.0
2024-12-31 16:37:00,0.1967,0.1969,0.1967,0.1969,6931.0
2024-12-31 16:38:00,0.1969,0.1969,0.1969,0.1969,1554.0
2024-12-31 16:39:00,0.1971,0.1975,0.1971,0.1973,73909.0
2024-12-31 16:40:00,0.1973,0.1973,0.1973,0.1973,0.0
2024-12-31 16:41:00,0.197,0.197,0.197,0.197,420.0
2024-12-31 16:42:00,0.1968,0.1968,0.1968,0.1968,2225.0
2024-12-31 16:43:00,0.1969,0.1971,0.1969,0.1971,1444.0
2024-12-31 16:44:00,0.1972,0.1972,0.1972,0.1972,87.0
2024-12-31 16:45:00,0.1971,0.1972,0.1971,0.1972,825.0
2024-12-31 16:46:00,0.1971,0.1971,0.197,0.197,1803.0
2024-12-31 16:47:00,0.197,0.197,0.197,0.197,1444.0
2024-12-31 16:48:00,0.1973,0.1973,0.1973,0.1973,3690.0
2024-12-31 16:49:00,0.1974,0.1974,0.1974,0.1974,1071.0
2024-12-31 16:50:00,0.1973,0.1973,0.1973,0.1973,209.0
2024-12-31 16:51:00,0.1973,0.1973,0.1973,0.1973,6404.0
2024-12-31 16:52:00,0.1974,0.1974,0.1974,0.1974,3260.0
2024-12-31 16:53:00,0.1973,0.1974,0.1973,0.1974,748.0
2024-12-31 16:54:00,0.1973,0.1973,0.1973,0.1973,57.0
2024-12-31 16:55:00,0.1973,0.1973,0.1973,0.1973,4166.0
2024-12-31 16:56:00,0.1973,0.1974,0.1973,0.1974,3511.0
2024-12-31 16:57:00,0.1975,0.1975,0.1974,0.1974,1425.0
2024-12-31 16:58:00,0.1974,0.1974,0.1974,0.1974,49.0
2024-12-31 16:59:00,0.1974,0.1974,0.1974,0.1974,0.0
2024-12-31 17:00:00,0.1973,0.1973,0.1966,0.1967,130906.0
2024-12-31 17:01:00,0.1967,0.1967,0.1967,0.1967,722.0
2024-12-31 17:02:00,0.1966,0.1966,0.1966,0.1966,1999.0
2024-12-31 17:03:00,0.1967,0.1967,0.1967,0.1967,157.0
2024-12-31 17:04:00,0.1964,0.1964,0.1964,0.1964,617.0
2024-12-31 17:05:00,0.1958,0.1958,0.1958,0.1958,624.0
2024-12-31 17:06:00,0.1959,0.1961,0.1959,0.1961,10546.0
2024-12-31 17:07:00,0.1962,0.1962,0.1961,0.1961,332.0
2024-12-31 17:08:00,0.196,0.196,0.1959,0.1959,2463.0
2024-12-31 17:09:00,0.1959,0.1959,0.1959,0.1959,0.0
2024-12-31 17:10:00,0.1958,0.196,0.1958,0.196,5042.0
2024-12-31 17:11:00,0.1959,0.1959,0.1959,0.1959,2093.0
2024-12-31 17:12:00,0.1958,0.1958,0.1958,0.1958,52.0
2024-12-31 17:13:00,0.1959,0.1959,0.1959,0.1959,1667.0
2024-12-31 17:14:00,0.1958,0.1959,0.1957,0.1959,4521.0
2024-12-31 17:15:00,0.1959,0.1959,0.1957,0.1958,13663.0
2024-12-31 17:16:00,0.1957,0.1959,0.1957,0.1959,1548.0
2024-12-31 17:17:00,0.1957,0.1957,0.1957,0.1957,32.0
2024-12-31 17:18:00,0.1955,0.1955,0.1955,0.1955,10255.0
2024-12-31 17:19:00,0.1953,0.1955,0.1953,0.1954,3033.0
2024-12-31 17:20:00,0.1954,0.1954,0.1954,0.1954,707.0
2024-12-31 17:21:00,0.1953,0.1953,0.1953,0.1953,56.0
2024-12-31 17:22:00,0.1953,0.1953,0.1953,0.1953,4204.0
2024-12-31 17:23:00,0.1953,0.1953,0.1953,0.1953,0.0
2024-12-31 17:24:00,0.1953,0.1953,0.195,0.195,1119.0
2024-12-31 17:25:00,0.195,0.195,0.1949,0.1949,3764.0
2024-12-31 17:26:00,0.1949,0.1949,0.1949,0.1949,1004.0
2024-12-31 17:27:00,0.195,0.1952,0.195,0.195,34954.0
2024-12-31 17:28:00,0.1949,0.1949,0.1947,0.1949,38378.0
2024-12-31 17:29:00,0.1949,0.1949,0.1949,0.1949,0.0
2024-12-31 17:30:00,0.1948,0.1948,0.1948,0.1948,722.0
2024-12-31 17:31:00,0.1948,0.1948,0.1948,0.1948,0.0
2024-12-31 17:32:00,0.1948,0.1948,0.1946,0.1946,1926.0
2024-12-31 17:33:00,0.1946,0.1946,0.1946,0.1946,0.0
2024-12-31 17:34:00,0.1944,0.1944,0.1938,0.1943,60995.0
2024-12-31 17:35:00,0.1943,0.1948,0.1943,0.1944,48678.0
2024-12-31 17:36:00,0.1944,0.1944,0.1941,0.1941,15819.0
2024-12-31 17:37:00,0.1941,0.1941,0.1938,0.194,51054.0
2024-12-31 17:38:00,0.194,0.194,0.194,0.194,722.0
2024-12-31 17:39:00,0.1942,0.1943,0.1941,0.1942,14886.0
2024-12-31 17:40:00,0.1942,0.1942,0.1941,0.1941,947.0
2024-12-31 17:41:00,0.1941,0.1945,0.1941,0.1941,37656.0
2024-12-31 17:42:00,0.1942,0.1945,0.1942,0.1944,6569.0
2024-12-31 17:43:00,0.1944,0.1944,0.1944,0.1944,0.0
2024-12-31 17:44:00,0.1943,0.1943,0.1943,0.1943,457.0
2024-12-31 17:45:00,0.1942,0.1942,0.194,0.1942,59327.0
2024-12-31 17:46:00,0.194,0.194,0.194,0.194,25633.0
2024-12-31 17:47:00,0.194,0.1941,0.194,0.1941,11876.0
2024-12-31 17:48:00,0.1941,0.1941,0.1941,0.1941,0.0
2024-12-31 17:49:00,0.1941,0.1941,0.1941,0.1941,1115.0
2024-12-31 17:50:00,0.1941,0.1941,0.1941,0.1941,514.0
2024-12-31 17:51:00,0.194,0.194,0.1938,0.1938,13877.0
2024-12-31 17:52:00,0.1937,0.1937,0.1935,0.1935,3942.0
2024-12-31 17:53:00,0.1934,0.1934,0.1931,0.1931,16046.0
2024-12-31 17:54:00,0.193,0.193,0.1928,0.1928,30944.0
2024-12-31 17:55:00,0.1929,0.1929,0.1929,0.1929,1797.0
2024-12-31 17:56:00,0.1928,0.1928,0.1924,0.1924,13650.0
2024-12-31 17:57:00,0.1924,0.1926,0.1923,0.1926,7919.0
2024-12-31 17:58:00,0.1927,0.193,0.1927,0.1929,26759.0
2024-12-31 17:59:00,0.1931,0.1932,0.193,0.193,24682.0
2024-12-31 18:00:00,0.1931,0.1931,0.193,0.193,13072.0
2024-12-31 18:01:00,0.193,0.1935,0.193,0.1935,53646.0
2024-12-31 18:02:00,0.1936,0.1936,0.1935,0.1935,1006.0
2024-12-31 18:03:00,0.1937,0.194,0.1937,0.1938,40593.0
2024-12-31 18:04:00,0.1938,0.1938,0.1933,0.1933,13126.0
2024-12-31 18:05:00,0.1932,0.1933,0.1931,0.1933,4567.0
2024-12-31 18:06:00,0.1932,0.1932,0.1931,0.1931,1114.0
2024-12-31 18:07:00,0.1931,0.1931,0.1931,0.1931,0.0
2024-12-31 18:08:00,0.1932,0.1932,0.193,0.193,111.0
2024-12-31 18:09:00,0.1933,0.1935,0.1933,0.1935,15934.0
2024-12-31 18:10:00,0.1935,0.1936,0.1934,0.1936,3167.0
2024-12-31 18:11:00,0.1936,0.1938,0.1936,0.1937,10794.0
2024-12-31 18:12:00,0.1937,0.1937,0.1937,0.1937,108.0
2024-12-31 18:13:00,0.1938,0.1938,0.1938,0.1938,2657.0
2024-12-31 18:14:00,0.1939,0.1941,0.1939,0.194,18018.0
2024-12-31 18:15:00,0.1939,0.1939,0.1938,0.1938,11744.0
2024-12-31 18:16:00,0.1938,0.1938,0.1938,0.1938,0.0
2024-12-31 18:17:00,0.194,0.194,0.194,0.194,1145.0
2024-12-31 18:18:00,0.1939,0.1939,0.1939,0.1939,373.0
2024-12-31 18:19:00,0.1939,0.1939,0.1939,0.1939,42.0
2024-12-31 18:20:00,0.1938,0.1938,0.1935,0.1935,5506.0
2024-12-31 18:21:00,0.1935,0.1935,0.1935,0.1935,0.0
2024-12-31 18:22:00,0.1934,0.1934,0.1933,0.1933,661.0
2024-12-31 18:23:00,0.1933,0.1933,0.1933,0.1933,0.0
2024-12-31 18:24:00,0.1934,0.1937,0.1934,0.1937,572.0
2024-12-31 18:25:00,0.1937,0.1937,0.1937,0.1937,433.0
2024-12-31 18:26:00,0.1938,0.1939,0.1938,0.1939,1273.0
2024-12-31 18:27:00,0.1939,0.1939,0.1939,0.1939,0.0
2024-12-31 18:28:00,0.1942,0.1943,0.1942,0.1943,4726.0
2024-12-31 18:29:00,0.1943,0.1944,0.1943,0.1944,1112.0
2024-12-31 18:30:00,0.1944,0.1944,0.1944,0.1944,1541.0
2024-12-31 18:31:00,0.1944,0.1944,0.194,0.194,6743.0
2024-12-31 18:32:00,0.1939,0.1939,0.1939,0.1939,1144.0
2024-12-31 18:33:00,0.1939,0.1939,0.1939,0.1939,54.0
2024-12-31 18:34:00,0.1938,0.1938,0.1937,0.1937,5789.0
2024-12-31 18:35:00,0.1937,0.1937,0.1937,0.1937,0.0
2024-12-31 18:36:00,0.1938,0.1938,0.1935,0.1935,1117.0
2024-12-31 18:37:00,0.1935,0.1935,0.1934,0.1934,4918.0
2024-12-31 18:38:00,0.1935,0.1935,0.1935,0.1935,708.0
2024-12-31 18:39:00,0.1934,0.1935,0.1934,0.1935,470.0
2024-12-31 18:40:00,0.1935,0.1935,0.1935,0.1935,54.0
2024-12-31 18:41:00,0.1935,0.1935,0.1935,0.1935,0.0
2024-12-31 18:42:00,0.1935,0.1935,0.1935,0.1935,0.0
2024-12-31 18:43:00,0.1938,0.1939,0.1938,0.1938,3657.0
2024-12-31 18:44:00,0.1938,0.1938,0.1937,0.1938,193.0
2024-12-31 18:45:00,0.1938,0.1938,0.1938,0.1938,0.0
2024-12-31 18:46:00,0.1941,0.1941,0.1941,0.1941,587.0
2024-12-31 18:47:00,0.1941,0.1941,0.1941,0.1941,334.0
2024-12-31 18:48:00,0.1942,0.1942,0.1942,0.1942,926.0
2024-12-31 18:49:00,0.1942,0.1942,0.1942,0.1942,0.0
2024-12-31 18:50:00,0.1942,0.1942,0.1942,0.1942,0.0
2024-12-31 18:51:00,0.1943,0.1943,0.1943,0.1943,408.0
2024-12-31 18:52:00,0.1943,0.1944,0.1943,0.1944,2216.0
2024-12-31 18:53:00,0.1944,0.1944,0.1944,0.1944,74.0
2024-12-31 18:54:00,0.1943,0.1943,0.1943,0.1943,5127.0
2024-12-31 18:55:00,0.1944,0.1945,0.1944,0.1945,3171.0
2024-12-31 18:56:00,0.1944,0.1945,0.1944,0.1945,4385.0
2024-12-31 18:57:00,0.1945,0.1945,0.1945,0.1945,7887.0
2024-12-31 18:58:00,0.1945,0.1945,0.1945,0.1945,500.0
2024-12-31 18:59:00,0.1946,0.1946,0.1945,0.1945,6833.0
